track_name,artist(s)_name,released_year,average_bpm,average_acousticness,average_instrumentalness,average_liveness,average_speechiness,most_common_key,max_danceability_%
"""Apna Bana Le (From """"Bhediya"""")""","Arijit Singh, Sachin-Jigar",2022,94.0,80.0,0.0,6.0,3.0,A,59
"""Besharam Rang (From """"Pathaan"""")""","Vishal-Shekhar, Shilpa Rao, Caralisa Monteiro, Kumaar, Vishal Dadlani, Shekhar Ravjiani",2022,116.0,6.0,0.0,15.0,4.0,G#,77
"""Come Back Home - From """"Purple Hearts""""""",Sofia Carson,2022,145.0,24.0,0.0,12.0,4.0,G,56
"""I'm Tired - From """"Euphoria"""" An Original HBO Series""",Labrinth,2022,71.0,19.0,0.0,30.0,3.0,Unknown,28
"""Kesariya (From """"Brahmastra"""")""","Pritam, Arijit Singh, Amitabh Bhattacharya",2022,94.0,57.0,0.0,10.0,3.0,Unknown,58
"""Nobody Like U - From """"Turning Red""""""","Jordan Fisher, Josh Levi, Finneas O'Connell, 4*TOWN (From Disney and Pixar챦쩔쩍챦쩔쩍챦쩔쩍s Turning Red), Topher Ngo, Grayson Vill",2022,105.0,13.0,0.0,9.0,15.0,A,91
"""Phir Aur Kya Chahiye (From """"Zara Hatke Zara Bachke"""")""","Arijit Singh, Sachin-Jigar, Amitabha Bhattacharya",2023,100.0,53.0,0.0,12.0,4.0,E,56
"""Tere Vaaste (From """"Zara Hatke Zara Bachke"""")""","Sachin-Jigar, Shadab Faridi, Altamash Faridi, Amitabh Bhattacharya, Varun Jain",2023,110.0,32.0,0.0,9.0,4.0,G,76
"""What Was I Made For? [From The Motion Picture """"Barbie""""]""",Billie Eilish,2023,78.0,96.0,0.0,10.0,3.0,Unknown,44
'Till I Collapse,"Eminem, Nate Dogg",2002,171.0,7.0,0.0,8.0,20.0,C#,55
(It Goes Like) Nanana - Edit,Peggy Gou,2023,130.0,12.0,19.0,8.0,4.0,G,67
10 Things I Hate About You,Leah Kate,2022,154.0,1.0,0.0,17.0,5.0,G#,54
10:35,"Ti챦쩔쩍챦쩔쩍sto, Tate M",2022,120.0,7.0,0.0,18.0,10.0,G#,70
2 Be Loved (Am I Ready),Lizzo,2022,156.0,9.0,0.0,8.0,11.0,G,72
2055,Sleepy hallow,2021,161.0,46.0,0.0,12.0,31.0,F#,78
212,"Mainstreet, Chefin",2022,154.0,66.0,0.0,9.0,7.0,D,79
25k jacket (feat. Lil Baby),"Gunna, Lil Baby",2022,115.0,16.0,0.0,13.0,28.0,F,90
295,Sidhu Moose Wala,2021,90.0,21.0,0.0,11.0,20.0,B,68
505,Arctic Monkeys,2007,140.0,0.0,0.0,7.0,5.0,Unknown,52
69,"Nicky Jam, Feid",2023,93.0,11.0,0.0,11.0,23.0,G#,79
A Holly Jolly Christmas - Single Version,Burl Ives,1952,140.0,64.0,0.0,15.0,3.0,Unknown,67
A Tale By Quincy,The Weeknd,2022,94.0,71.0,0.0,10.0,11.0,F,46
A Tu Merced,Bad Bunny,2020,92.0,17.0,0.0,11.0,6.0,Unknown,86
A Veces (feat. Feid),"Feid, Paulo Londra",2022,92.0,4.0,0.0,8.0,6.0,C#,80
ALIEN SUPERSTAR,Beyonc챦쩔,2022,122.0,0.0,0.0,17.0,10.0,A#,55
AM Remix,"J Balvin, Nio Garcia, Bad Bunny",2021,172.0,11.0,0.0,8.0,16.0,F#,74
AMARGURA,Karol G,2023,107.0,18.0,0.0,15.0,7.0,F#,92
AMERICA HAS A PROBLEM (feat. Kendrick Lamar),"Kendrick Lamar, Beyonc챦쩔",2023,126.0,1.0,0.0,16.0,4.0,C#,78
AMG,"Natanael Cano, Gabito Ballesteros, Peso Pluma",2022,136.0,15.0,0.0,27.0,10.0,B,77
ANTIFRAGILE,LE SSERAFIM,2022,105.0,8.0,0.0,11.0,8.0,A#,88
Abcdario,"Junior H, Eden Mu챦쩔쩍챦",2023,129.0,78.0,0.0,11.0,3.0,G#,70
About Damn Time,Lizzo,2022,109.0,10.0,0.0,34.0,7.0,A#,84
Acapulco,Jason Derulo,2021,122.0,5.0,0.0,16.0,5.0,A#,77
Acr챦쩔쩍챦쩔쩍s,Shakira,2023,144.0,84.0,0.0,10.0,12.0,B,75
Adore You,Harry Styles,2019,99.0,2.0,0.0,10.0,5.0,G#,68
Afraid To Feel,LF System,2022,128.0,2.0,0.0,27.0,11.0,C#,58
After Dark,Mr.Kitty,2014,140.0,7.0,41.0,8.0,3.0,G#,58
After Hours,The Weeknd,2020,109.0,10.0,1.0,12.0,3.0,F,66
After LIKE,IVE,2022,125.0,10.0,0.0,9.0,12.0,Unknown,68
Agosto,Bad Bunny,2022,115.0,9.0,0.0,49.0,12.0,C#,85
Aguacero,Bad Bunny,2022,121.0,42.0,0.0,35.0,7.0,F#,86
Agudo M챦쩔쩍챦쩔쩍gi,"Styrx, utku INC, Thezth",1930,130.0,22.0,4.0,7.0,5.0,F#,65
Ai Preto,"L7nnon, DJ Biel do Furduncinho, Bianca",2022,130.0,54.0,0.0,10.0,25.0,F#,95
Ain't Shit,Doja Cat,2021,124.0,51.0,0.0,35.0,21.0,D#,86
Ain챦쩔쩍챦쩔쩍챦쩔쩍t Tha,Morgan Wallen,2023,121.0,0.0,0.0,36.0,3.0,F#,64
Alien Blues,Vundabar,2015,82.0,8.0,91.0,9.0,3.0,D#,47
All For Us - from the HBO Original Series Euphoria,"Labrinth, Zendaya",2019,141.0,2.0,0.0,34.0,9.0,D#,37
All I Want for Christmas Is You,Mariah Carey,1994,150.0,16.0,0.0,7.0,4.0,G,34
All My Life (feat. J. Cole),"J. Cole, Lil Durk",2023,143.0,15.0,0.0,10.0,33.0,D#,83
All Of The Girls You Loved Before,Taylor Swift,2019,96.0,71.0,0.0,13.0,4.0,D,72
"All The Way Live (Spider-Man: Across the Spider-Verse) (Metro Boomin & Future, Lil Uzi Vert)","Future, Lil Uzi Vert, Metro Boomin",2023,135.0,18.0,0.0,22.0,15.0,A,77
All Too Well (10 Minute Version) (Taylor's Version) (From The Vault),Taylor Swift,2021,93.0,28.0,0.0,9.0,3.0,Unknown,63
All of Me,John Legend,2013,120.0,92.0,0.0,13.0,3.0,G#,42
Alone,Burna Boy,2022,90.0,15.0,0.0,11.0,5.0,E,61
"Am I Dreaming (Metro Boomin & A$AP Rocky, Roisee)","A$AP Rocky, Metro Boomin, Roisee",2023,90.0,4.0,0.0,21.0,4.0,A,60
Andrea,"Buscabulla, Bad Bunny",2022,103.0,76.0,0.0,10.0,38.0,C#,80
Angel Baby,Troye Sivan,2021,145.0,1.0,0.0,13.0,3.0,B,56
"Angel Pt 1 (feat. Jimin of BTS, JVKE & Muni Long)","Kodak Black, NLE Choppa, Muni Long, JVKE, Jimin",2023,74.0,11.0,0.0,10.0,28.0,A#,53
Angels Like You,Miley Cyrus,2020,122.0,10.0,0.0,10.0,3.0,F,67
"Annihilate (Spider-Man: Across the Spider-Verse) (Metro Boomin & Swae Lee, Lil Wayne, Offset)","Swae Lee, Lil Wayne, Offset, Metro Boomin",2023,146.0,21.0,0.0,12.0,6.0,B,61
Another Love,Tom Odell,2012,123.0,70.0,0.0,9.0,4.0,E,45
Antes de Perderte,Duki,2022,110.0,49.0,0.0,12.0,11.0,F,81
Anti-Hero,Taylor Swift,2022,97.0,12.0,0.0,19.0,5.0,E,64
Antidepresan,"Mabel Matiz, Mert Demir",2022,100.0,3.0,0.0,10.0,3.0,B,70
Apocalypse,Cigarettes After Sex,2017,94.0,2.0,46.0,11.0,3.0,F,37
Arcade,Duncan Laurence,2019,72.0,82.0,0.0,14.0,4.0,A,45
"Arc챦쩔쩍챦쩔쩍ngel: Bzrp Music Sessions, Vol","Arcangel, Bizarrap",2023,124.0,55.0,0.0,15.0,30.0,B,72
Area Codes,"Kaliii, Kaliii",2023,155.0,2.0,0.0,9.0,49.0,C#,82
As It Was,Harry Styles,2022,174.0,34.0,0.0,31.0,6.0,F#,52
Astronaut In The Ocean,Masked Wolf,2019,150.0,18.0,0.0,15.0,9.0,E,78
Atlantis,Seafret,2015,166.0,5.0,0.0,12.0,3.0,G#,40
Attention,NewJeans,2022,105.0,24.0,0.0,8.0,4.0,A#,81
Auntie Diaries,Kendrick Lamar,2022,78.0,76.0,1.0,48.0,38.0,G,43
B.O.T.A. (Baddest Of Them All) - Edit,"Interplanetary Criminal, Eliza Rose",2022,137.0,24.0,61.0,15.0,5.0,Unknown,74
BABY HELLO,"Rauw Alejandro, Bizarrap",2023,130.0,17.0,0.0,43.0,5.0,C#,77
BABY OTAKU,"Fran C, Polima WestCoast, Nickoog Clk, Pablito Pesadilla",2022,102.0,5.0,0.0,6.0,8.0,A,84
BESO,"Rauw Alejandro, ROSAL챦쩔쩍",2023,95.0,74.0,0.0,17.0,14.0,F,77
BILLIE EILISH.,Armani White,2022,100.0,11.0,0.0,9.0,26.0,C#,90
BREAK MY SOUL,Beyonc챦쩔,2022,115.0,4.0,0.0,26.0,8.0,C#,70
Baby Don't Hurt Me,"David Guetta, Anne-Marie, Coi Leray",2023,128.0,0.0,0.0,12.0,3.0,G,60
Back To December (Taylor's Version),Taylor Swift,2023,142.0,1.0,0.0,12.0,3.0,D,50
BackOutsideBoyz,Drake,2022,142.0,4.0,0.0,39.0,32.0,F,85
Bad Decisions (with BTS & Snoop Dogg),"Snoop Dogg, BTS, Benny Blanco",2022,120.0,2.0,0.0,23.0,12.0,Unknown,77
Bad Habit,Steve Lacy,2022,169.0,63.0,0.0,38.0,4.0,C#,69
Bad Habits,Ed Sheeran,2020,126.0,5.0,0.0,36.0,3.0,B,81
Baile no Morro,"Mc Vitin Da Igrejinha, MC Tairon, DJ Win",2022,130.0,46.0,0.0,7.0,45.0,D#,71
Bam Bam (feat. Ed Sheeran),"Camila Cabello, Ed Sheeran",2022,95.0,18.0,0.0,33.0,4.0,G#,76
Bamba (feat. Aitch & BIA),"Luciano, Aitch, B챦쩔쩍",2022,138.0,14.0,0.0,13.0,36.0,A#,80
Bar,"Tini, L-Gante",2021,94.0,13.0,0.0,33.0,8.0,C#,52
Barbie World (with Aqua) [From Barbie The Album],"Nicki Minaj, Aqua, Ice Spice",2023,144.0,52.0,0.0,23.0,25.0,Unknown,77
Beautiful Girl,Luciano,2022,140.0,31.0,0.0,9.0,9.0,B,84
Bebe Dame,"Fuerza Regida, Grupo Frontera",2022,157.0,30.0,0.0,7.0,5.0,G,54
Before You Go,Lewis Capaldi,2019,112.0,63.0,0.0,9.0,6.0,D#,45
Beggin,M챦쩔쩍챦쩔쩍ne,2017,134.0,13.0,0.0,36.0,5.0,B,71
Bejeweled,Taylor Swift,2022,164.0,6.0,0.0,9.0,7.0,G,70
Believer,Imagine Dragons,2017,125.0,4.0,0.0,23.0,11.0,A#,77
Belly Dancer,"BYOR, Imanbek",2022,122.0,6.0,0.0,17.0,14.0,C#,85
Besos Moja2,"Wisin & Yandel, ROSAL챦쩔쩍",2022,94.0,6.0,0.0,10.0,6.0,F,74
Best Friends,The Weeknd,2022,87.0,44.0,0.0,35.0,21.0,E,49
Better Days (NEIKED x Mae Muller x Polo G),"NEIKED, Mae Muller, Polo G",2021,110.0,0.0,0.0,14.0,4.0,Unknown,72
Better Than Revenge (Taylor's Version),Taylor Swift,2023,146.0,0.0,0.0,19.0,8.0,B,50
Betty (Get Money),Yung Gravy,2022,102.0,0.0,0.0,34.0,8.0,C#,73
Bigger Than The Whole Sky,Taylor Swift,2022,166.0,83.0,1.0,12.0,6.0,F#,42
Bite Me,ENHYPEN,2023,105.0,28.0,0.0,11.0,14.0,C#,80
Blank Space,Taylor Swift,2014,96.0,9.0,0.0,13.0,6.0,F,75
Blessed-Cursed,ENHYPEN,2022,127.0,9.0,0.0,60.0,6.0,E,60
Blind,SZA,2022,114.0,91.0,0.0,21.0,4.0,A,46
Blinding Lights,The Weeknd,2019,171.0,0.0,0.0,9.0,7.0,C#,50
Bloody Mary,Lady Gaga,2011,100.0,2.0,0.0,13.0,3.0,A,59
Bohemian Rhapsody - Remastered 2011,Queen,1975,71.0,27.0,0.0,30.0,5.0,Unknown,41
Bombonzinho - Ao Vivo,"Israel & Rodolffo, Ana Castela",2022,158.0,31.0,0.0,92.0,5.0,C#,65
Bones,Imagine Dragons,2021,114.0,2.0,0.0,7.0,5.0,F,77
Bored,Billie Eilish,2017,120.0,90.0,0.0,8.0,5.0,G,60
Born Singer,BTS,2022,158.0,4.0,0.0,24.0,11.0,G#,60
Born With A Beer In My Hand,Morgan Wallen,2023,148.0,5.0,0.0,36.0,4.0,Unknown,53
Bound 2,Kanye West,2013,149.0,14.0,0.0,9.0,5.0,C#,37
Boy With Luv (feat. Halsey),"Halsey, BTS",2019,120.0,9.0,0.0,19.0,10.0,B,65
Boy's a liar,PinkPantheress,2022,133.0,25.0,0.0,21.0,4.0,F,66
Boy's a liar Pt. 2,"PinkPantheress, Ice Spice",2023,133.0,25.0,0.0,25.0,5.0,F,70
Boyfriend,Dove Cameron,2022,180.0,23.0,0.0,19.0,6.0,G,35
Boyfriends,Harry Styles,2022,118.0,94.0,0.0,11.0,4.0,Unknown,42
Brividi,"Mahmood, Blanco",2022,123.0,40.0,0.0,26.0,3.0,G,52
Broke Boys,"Drake, 21 Savage",2022,120.0,1.0,0.0,25.0,27.0,D,64
Bussin,"Nicki Minaj, Lil Baby",2022,140.0,6.0,0.0,13.0,5.0,B,89
Butter,BTS,2021,110.0,0.0,0.0,6.0,11.0,G#,79
Bye,Peso Pluma,2023,122.0,57.0,0.0,10.0,5.0,Unknown,78
Bye Bye,"Marshmello, Juice WRLD",2022,83.0,6.0,0.0,51.0,4.0,D#,65
CAIRO,"Karol G, Ovy On The Drums",2022,115.0,47.0,0.0,9.0,31.0,F,95
CHORRITO PA LAS ANIMAS,Feid,2022,96.0,11.0,0.0,35.0,6.0,G#,74
CORAZ챦쩔쩍챦쩔쩍N VA,Maria Becerra,2023,98.0,33.0,0.0,30.0,6.0,C#,68
CUFF IT,Beyonc챦쩔,2022,115.0,4.0,0.0,7.0,14.0,G,78
Caile,Luar La L,2020,122.0,30.0,0.0,9.0,45.0,Unknown,70
California Breeze,Lil Baby,2022,162.0,0.0,0.0,11.0,46.0,F,74
California Love - Original Version (Explicit),"Dr. Dre, 2Pac, Roger",1995,92.0,3.0,0.0,38.0,4.0,G,77
Call Out My Name,The Weeknd,2018,134.0,21.0,0.0,33.0,4.0,C#,45
Callaita,"Bad Bunny, Tainy",2019,176.0,60.0,0.0,24.0,31.0,D,61
"Calling (Spider-Man: Across the Spider-Verse) (Metro Boomin & Swae Lee, NAV, feat. A Boogie Wit da Hoodie)","Swae Lee, A Boogie Wit da Hoodie, Metro Boomin, NAV",2023,140.0,46.0,0.0,12.0,8.0,Unknown,63
Calm Down,R챦쩔쩍챦,2022,107.0,38.0,0.0,12.0,4.0,B,81
Calm Down (with Selena Gomez),"R챦쩔쩍챦쩔쩍ma, Selena G",2022,107.0,43.0,0.0,14.0,4.0,B,80
Can't Hold Us (feat. Ray Dalton),"Ray Dalton, Ryan Lewis, Macklemore",2011,146.0,3.0,0.0,10.0,8.0,D,63
Car's Outside,James Arthur,2019,150.0,4.0,0.0,11.0,3.0,A,34
Cart챦쩔쩍챦쩔쩍o B,"MC Caverinha, KayBlack",2023,108.0,26.0,0.0,20.0,64.0,A,84
Casei Com a Putaria,"MC Ryan SP, Love Funk, Mc Paiva ZS",2022,161.0,12.0,0.0,5.0,44.0,A#,59
Cash In Cash Out,"Pharrell Williams, Tyler, The Creator, 21 Savage",2022,120.0,1.0,0.0,8.0,6.0,G,88
"Cay챦쩔쩍챦쩔쩍 La Noche (feat. Cruz Cafun챦쩔쩍챦쩔쩍, Abhir Hathi, Bejo, EL IMA)","Quevedo, La Pantera, Juseph, Cruz Cafun챦쩔쩍챦쩔쩍, B챦쩔쩍챦쩔쩍jo, Abhir Hathi",2022,174.0,44.0,0.0,7.0,30.0,F,67
Celestial,Ed Sheeran,2022,123.0,5.0,0.0,16.0,4.0,D,57
Ch y la Pizza,"Fuerza Regida, Natanael Cano",2022,149.0,40.0,0.0,14.0,13.0,G#,66
Chale,Eden Mu챦쩔쩍챦,2022,189.0,40.0,0.0,7.0,4.0,G#,55
Chance,Paulo Londra,2022,138.0,24.0,0.0,9.0,6.0,C#,72
Chanel,"Becky G, Peso Pluma",2023,132.0,40.0,0.0,9.0,4.0,D,85
Chemical,Post Malone,2023,170.0,0.0,0.0,12.0,5.0,D,50
Cheques,Shubh,2023,90.0,26.0,0.0,27.0,5.0,E,74
Christmas (Baby Please Come Home),Darlene Love,1963,126.0,39.0,0.0,8.0,5.0,D#,34
Christmas Tree,V,2021,139.0,70.0,0.0,12.0,4.0,F,44
Cigarettes,Juice WRLD,2021,160.0,3.0,0.0,38.0,4.0,D,60
Cinema,Harry Styles,2022,106.0,35.0,5.0,9.0,4.0,A,83
Circles,Post Malone,2019,120.0,24.0,0.0,9.0,4.0,Unknown,70
Circo Loco,"Drake, 21 Savage",2022,104.0,1.0,0.0,32.0,7.0,C#,73
City of Gods,"Kanye West, Alicia Keys, Fivio Foreign",2022,147.0,10.0,0.0,32.0,38.0,G#,47
Classy 101,"Feid, Young Miko",2023,100.0,14.0,0.0,12.0,16.0,B,86
Closer,"The Chainsmokers, Halsey",2016,95.0,41.0,0.0,11.0,3.0,G#,75
Coco Chanel,"Bad Bunny, Eladio Carrion",2023,150.0,4.0,0.0,10.0,4.0,D,68
Cold Heart - PNAU Remix,"Dua Lipa, Elton John, Pnau",2017,116.0,4.0,0.0,10.0,3.0,C#,80
Columbia,Quevedo,2023,100.0,37.0,0.0,11.0,4.0,F,67
Con La Brisa,"Ludwig Goransson, Foudeqush",2022,114.0,51.0,33.0,14.0,3.0,D,62
Conceited,SZA,2022,150.0,5.0,0.0,11.0,7.0,C#,79
Conex챦쩔쩍챦쩔쩍es de M챦쩔쩍챦쩔쩍fia (feat. Rich ,"Rich The Kid, Matu챦쩔",2023,117.0,39.0,0.0,26.0,5.0,F#,77
Contection,"GODZZ__-, Zakaria",2020,166.0,14.0,0.0,29.0,34.0,A#,81
Cool for the Summer,Demi Lovato,2015,114.0,1.0,0.0,8.0,4.0,F,59
Cooped Up (with Roddy Ricch),"Post Malone, Roddy Ricch",2022,125.0,4.0,0.0,11.0,33.0,Unknown,50
Count Me Out,Kendrick Lamar,2022,134.0,69.0,0.0,14.0,9.0,G,78
Counting Stars,OneRepublic,2013,122.0,6.0,0.0,12.0,4.0,C#,66
Crazy What Love Can Do,"David Guetta, Ella Henderson, Becky Hill",2022,123.0,3.0,0.0,16.0,4.0,E,60
Creep,Radiohead,1992,92.0,1.0,0.0,12.0,4.0,G,53
Creepin',"The Weeknd, 21 Savage, Metro Boomin",2022,98.0,36.0,0.0,8.0,5.0,C#,71
Crown,Kendrick Lamar,2022,170.0,80.0,0.0,11.0,4.0,C#,37
Cruel Summer,Taylor Swift,2019,170.0,11.0,0.0,11.0,15.0,A,55
Cupid,Fifty Fifty,2023,120.0,65.0,0.0,38.0,3.0,D,77
Cupid - Twin Ver.,Fifty Fifty,2023,120.0,43.0,0.0,34.0,3.0,B,78
Cupid 챦쩔쩍챦쩔쩍챦쩔쩍 Twin Ver. (FIFTY FIFTY) 챦쩔쩍챦쩔쩍챦쩔쩍 Spe,sped up 8282,1997,144.0,42.0,0.0,9.0,4.0,F,74
Cupido,Tini,2023,120.0,52.0,0.0,31.0,22.0,A,91
Curtains,Ed Sheeran,2023,176.0,10.0,0.0,32.0,5.0,F#,50
C챦쩔쩍챦쩔쩍,Rauw Alejandro,2021,102.0,58.0,0.0,11.0,5.0,A,77
DANCE CRIP,Trueno,2021,106.0,11.0,0.0,8.0,9.0,Unknown,86
DAN챦쩔쩍챦쩔쩍A,"Mc Pedrinho, Pedro Sampaio",2022,135.0,4.0,0.0,10.0,8.0,A,78
DARARI,Treasure,2022,85.0,49.0,0.0,7.0,4.0,Unknown,72
DESPECH챦쩔,ROSAL챦쩔쩍,2022,130.0,18.0,0.0,6.0,10.0,G,92
DOGTOOTH,"Tyler, The Creator",2023,78.0,51.0,0.0,22.0,32.0,G#,71
Daddy Issues,The Neighbourhood,2015,85.0,7.0,15.0,12.0,3.0,A#,59
Dakiti,"Bad Bunny, Jhay Cortez",2020,110.0,40.0,0.0,11.0,5.0,E,73
Dance Monkey,Tones and I,2019,98.0,69.0,0.0,18.0,10.0,F#,82
Dance The Night (From Barbie The Album),Dua Lipa,2023,110.0,2.0,0.0,33.0,5.0,B,67
Dandelions,Ruth B.,2017,117.0,2.0,0.0,9.0,3.0,C#,61
Danger (Spider) (Offset & JID),"Offset, JID",2023,143.0,4.0,0.0,23.0,12.0,B,83
Danza Kuduro,"Don Omar, Lucenzo",2010,130.0,8.0,0.0,5.0,24.0,Unknown,47
Dark Red,Steve Lacy,2017,172.0,45.0,0.0,12.0,6.0,F#,60
Dawn FM,The Weeknd,2022,78.0,62.0,0.0,49.0,5.0,A,27
Daydreaming,Harry Styles,2022,114.0,31.0,2.0,13.0,3.0,E,71
Daylight,David Kushner,2023,130.0,83.0,0.0,9.0,3.0,D,51
Daylight,Harry Styles,2022,146.0,48.0,0.0,18.0,4.0,Unknown,69
Deck The Hall - Remastered 1999,Nat King Cole,1959,107.0,81.0,0.0,8.0,4.0,F#,69
Demasiadas Mujeres,C. Tangana,2020,126.0,13.0,0.0,10.0,39.0,A,67
Demons,Imagine Dragons,2012,180.0,20.0,0.0,28.0,5.0,D#,33
Desesperados,"Chencho Corleone, Rauw Alejandro",2021,90.0,36.0,0.0,9.0,8.0,C#,87
Despu챦쩔쩍챦쩔쩍s de la P,Bad Bunny,2022,78.0,36.0,0.0,18.0,31.0,F,56
Devil Don챦쩔쩍챦쩔쩍챦쩔쩍,Morgan Wallen,2023,125.0,38.0,0.0,9.0,3.0,Unknown,53
Di Que Si,"Grupo Marca Registrada, Grupo Frontera",2023,182.0,8.0,0.0,6.0,5.0,A,57
Die For You,Joji,2022,148.0,38.0,13.0,29.0,5.0,G#,47
Die For You,The Weeknd,2016,134.0,9.0,0.0,15.0,7.0,C#,59
Die For You - Remix,"Ariana Grande, The Weeknd",2023,67.0,23.0,0.0,44.0,7.0,C#,53
Die Hard,"Kendrick Lamar, Blxst, Amanda Reifer",2022,101.0,36.0,0.0,17.0,27.0,C#,78
Die Young (feat. 347aidan),"Sleepy hallow, 347aidan",2022,77.0,83.0,0.0,11.0,34.0,B,81
Dijeron Que No La Iba Lograr,"Fuerza Regida, Chino Pacas",2023,142.0,26.0,0.0,11.0,7.0,G,70
Ditto,NewJeans,2022,134.0,3.0,0.0,10.0,11.0,F#,81
Do I Wanna Know?,Arctic Monkeys,2013,85.0,17.0,0.0,22.0,3.0,F,55
Do It To It,"Cherish, ACRAZE",2021,125.0,2.0,5.0,7.0,9.0,B,85
Do They Know It's Christmas? - 1984 Version,Band Aid,1984,115.0,0.0,2.0,27.0,3.0,Unknown,60
Do We Have A Problem?,"Nicki Minaj, Lil Baby",2022,120.0,47.0,0.0,12.0,40.0,C#,84
Doja,Central Cee,2022,140.0,38.0,0.0,40.0,29.0,F#,91
Don't Be Shy,"Ti챦쩔쩍챦쩔쩍sto, Kar",2021,120.0,20.0,0.0,26.0,6.0,B,77
Don't Start Now,Dua Lipa,2019,124.0,1.0,0.0,10.0,8.0,B,79
Don't You Worry,"David Guetta, Shakira, Black Eyed Peas",2022,132.0,20.0,0.0,21.0,3.0,B,82
Don't ever say love me (feat. RM of BTS),"RM, Colde",2023,145.0,36.0,0.0,37.0,5.0,B,54
Don챦쩔쩍챦쩔쩍챦쩔쩍t Bl,Taylor Swift,2017,136.0,11.0,0.0,6.0,4.0,A,62
Don챦쩔쩍챦쩔쩍챦쩔쩍t Break My,The Weeknd,2022,122.0,34.0,0.0,23.0,3.0,A#,77
Dos Mil 16,Bad Bunny,2022,130.0,12.0,0.0,13.0,5.0,C#,82
Dos Oruguitas,Sebastian Yatra,2021,94.0,76.0,0.0,9.0,5.0,Unknown,42
Double Fantasy (with Future),"The Weeknd, Future",2023,119.0,1.0,0.0,50.0,3.0,A,60
Down Under (feat. Colin Hay),"Luude, Colin Hay",2021,172.0,1.0,0.0,28.0,17.0,B,31
Dream On,Aerosmith,1973,80.0,39.0,0.0,23.0,3.0,F,39
Dreamers [Music from the FIFA World Cup Qatar 2022 Official Soundtrack],"BTS, Jung Kook, FIFA Sound",2022,115.0,16.0,0.0,44.0,4.0,Unknown,71
Driving Home for Christmas - 2019 Remaster,Chris Rea,1986,180.0,36.0,0.0,18.0,4.0,A,51
Dua Lipa,Jack Harlow,2022,158.0,0.0,10.0,11.0,8.0,B,83
Dynamite,BTS,2020,114.0,1.0,0.0,9.0,10.0,F#,75
ELEVEN,IVE,2021,120.0,6.0,0.0,5.0,11.0,A,83
Easy On Me,Adele,2021,142.0,58.0,0.0,13.0,3.0,F,60
Efecto,Bad Bunny,2022,98.0,14.0,0.0,6.0,5.0,G,80
El Apag챦쩔쩍,Bad Bunny,2022,118.0,5.0,0.0,9.0,31.0,G#,63
El Azul,"Junior H, Peso Pluma",2023,144.0,23.0,0.0,10.0,6.0,A,56
El Cielo,"Feid, Myke Towers, Sky Rompiendo",2023,106.0,7.0,0.0,10.0,5.0,A#,72
El Gordo Trae El Mando,Chino Pacas,2023,140.0,18.0,0.0,5.0,5.0,G,74
El Merengue,"Marshmello, Manuel Turizo",2023,124.0,3.0,1.0,11.0,4.0,G#,78
El Rescate,"Grupo Marca Registrada, Junior H",2022,99.0,28.0,0.0,11.0,14.0,G,79
Ella Baila Sola,"Eslabon Armado, Peso Pluma",2023,148.0,48.0,0.0,8.0,3.0,F,67
En El Radio Un Cochinero,Victor Cibrian,2022,154.0,47.0,0.0,10.0,4.0,F#,70
En La De Ella,"Feid, Sech, Jhayco",2022,97.0,8.0,0.0,12.0,5.0,C#,82
En Paris,"El Chachito, Junior H",2022,139.0,37.0,0.0,12.0,5.0,D#,70
Enchanted,Taylor Swift,2010,164.0,8.0,0.0,16.0,3.0,G#,45
Enchanted (Taylor's Version),Taylor Swift,2023,82.0,1.0,0.0,15.0,3.0,G#,51
Enemy (with JID) - from the series Arcane League of Legends,"Imagine Dragons, League of Legends, JID, Arcane",2021,77.0,24.0,0.0,42.0,28.0,B,72
Enemy - from the series Arcane League of Legends,"Imagine Dragons, League of Legends, Arcane",2021,77.0,23.0,0.0,41.0,23.0,G,73
Ens챦쩔쩍챦쩔쩍챦쩔쩍챦쩔쩍ame ,Bad Bunny,2022,105.0,19.0,0.0,47.0,8.0,G#,81
Entre Nosotros (Remix) [con Nicki Nicole],"Lit Killah, Maria Becerra, Tiago pzk, NICKI NICOLE",2022,170.0,40.0,0.0,37.0,4.0,F,70
Envolver,Anitta,2021,92.0,15.0,0.0,9.0,8.0,E,81
Erro Gostoso - Ao Vivo,Simone Mendes,2023,154.0,18.0,0.0,80.0,9.0,F#,59
Es un Secreto,Plan B,2010,95.0,12.0,0.0,7.0,4.0,F#,84
Escapism.,"RAYE, 070 Shake",2022,96.0,14.0,0.0,9.0,11.0,D,54
Escapism. - Sped Up,"RAYE, 070 Shake",2022,108.0,9.0,0.0,9.0,20.0,F#,44
Esque챦쩔쩍챦쩔쩍a-Me Se For C,"Mar챦쩔쩍챦쩔쩍lia Mendon챦쩔쩍챦쩔쩍a, Maiara &",2021,122.0,28.0,0.0,13.0,7.0,F#,80
Eu Gosto Assim - Ao Vivo,"Gustavo Mioto, Mari Fernandez",2022,154.0,15.0,0.0,72.0,4.0,Unknown,64
Evergreen (You Didn챦쩔쩍챦쩔쩍챦쩔쩍t Deserve Me A,Omar Apollo,2022,82.0,60.0,1.0,11.0,4.0,A,70
Every Angel is Terrifying,The Weeknd,2022,118.0,11.0,0.0,4.0,29.0,Unknown,44
Every Breath You Take - Remastered 2003,The Police,1983,117.0,54.0,0.0,7.0,3.0,C#,82
Every Summertime,NIKI,2021,79.0,38.0,0.0,6.0,4.0,F#,63
Everybody Wants To Rule The World,Tears For Fears,1985,112.0,36.0,0.0,11.0,6.0,G,64
Everything I Love,Morgan Wallen,2023,104.0,0.0,0.0,15.0,3.0,G#,56
Evoque Prata,"DJ Escobar, MC MENOR SG, MC MENOR HR",2022,87.0,31.0,0.0,28.0,24.0,G,87
Excuses,"Intense, AP Dhillon, Gurinder Gill",2020,95.0,8.0,0.0,15.0,8.0,F,84
Eyes Closed,Ed Sheeran,2023,107.0,30.0,0.0,11.0,6.0,D,78
F2F,SZA,2022,90.0,9.0,0.0,34.0,4.0,D,53
FEARLESS,LE SSERAFIM,2022,104.0,5.0,0.0,13.0,14.0,G,86
FLOWER,JISOO,2023,124.0,3.0,0.0,11.0,4.0,A,84
Fair Trade (with Travis Scott),"Drake, Travis Scott",2021,168.0,5.0,0.0,22.0,26.0,C#,67
Falling,Harry Styles,2019,110.0,84.0,0.0,9.0,3.0,E,57
Far,SZA,2022,116.0,67.0,0.0,16.0,8.0,D,61
Fast Car,Luke Combs,2023,98.0,19.0,0.0,12.0,3.0,G#,71
Father Time (feat. Sampha),"Kendrick Lamar, Sampha",2022,153.0,19.0,0.0,11.0,35.0,A#,55
Feliz Cumplea챦쩔쩍챦쩔쩍os Fe,Feid,2022,95.0,10.0,0.0,29.0,7.0,F,87
Feliz Navidad,Jos챦쩔쩍챦쩔쩍 Felic,1970,148.0,47.0,0.0,34.0,4.0,D,50
Ferrari,"James Hype, Miggy Dela Rosa",2022,125.0,1.0,0.0,5.0,5.0,C#,84
Ferxxo 100,Feid,2022,164.0,25.0,0.0,15.0,7.0,G#,70
Fim de Semana no Rio,teto,2022,119.0,12.0,0.0,10.0,10.0,C#,87
Fin de Semana,"Oscar Maydon, Junior H",2023,98.0,6.0,0.0,9.0,8.0,Unknown,70
Fingers Crossed,"Lauren Spencer Smith, Lauren Spencer Smith, Lauren Spencer Smith",2022,109.0,62.0,0.0,31.0,5.0,F,60
First Class,Jack Harlow,2022,107.0,3.0,0.0,11.0,10.0,G#,91
Flowers,Lauren Spencer Smith,2021,138.0,84.0,0.0,9.0,39.0,D#,70
Flowers,Miley Cyrus,2023,118.0,6.0,0.0,3.0,7.0,Unknown,71
For Youth,BTS,2022,117.0,43.0,0.0,25.0,4.0,D,63
Forever,Labrinth,2019,80.0,92.0,72.0,11.0,3.0,E,56
Forget Me,Lewis Capaldi,2022,102.0,30.0,0.0,36.0,4.0,C#,67
Forgot About Dre,"Eminem, Dr. Dre",1999,134.0,9.0,0.0,17.0,8.0,G#,93
Formula,Labrinth,2019,145.0,4.0,6.0,15.0,4.0,B,57
Freaks,Surf Curse,2015,180.0,0.0,63.0,5.0,5.0,A,35
Freaky Deaky,"Tyga, Doja Cat",2022,104.0,2.0,0.0,9.0,4.0,D,80
Friday (feat. Mufasa & Hypeman) - Dopamine Re-Edit,"Riton, Nightcrawlers, Mufasa & Hypeman, Dopamine",2021,123.0,1.0,0.0,30.0,13.0,D,82
Fr챦쩔쩍챦쩔쩍gil (feat. Grupo Front,"Yahritza Y Su Esencia, Grupo Frontera",2023,150.0,37.0,0.0,11.0,3.0,F#,61
Fuera del mercado,Danny Ocean,2022,92.0,32.0,0.0,13.0,14.0,G#,45
GAT챦쩔쩍챦쩔쩍,"Maldy, Karol G",2022,93.0,26.0,0.0,21.0,39.0,B,63
GIVENCHY,Duki,2022,103.0,14.0,0.0,23.0,40.0,G#,61
Gangsta's Paradise,"Coolio, L.V.",1995,80.0,9.0,0.0,56.0,6.0,G#,63
Gasolina,Daddy Yankee,2004,96.0,33.0,0.0,8.0,6.0,Unknown,86
Gasoline,The Weeknd,2022,123.0,0.0,0.0,21.0,5.0,F#,74
Gatita,Bellakath,2022,101.0,15.0,24.0,33.0,6.0,G,90
Gato de Noche,"Nengo Flow, Bad Bunny",2022,94.0,17.0,0.0,36.0,16.0,G#,89
Get Into It (Yuh),Doja Cat,2021,92.0,32.0,0.0,9.0,16.0,G#,91
Get Lucky - Radio Edit,"Pharrell Williams, Nile Rodgers, Daft Punk",2013,116.0,4.0,0.0,10.0,4.0,F#,79
Ghost,Justin Bieber,2021,154.0,21.0,0.0,40.0,6.0,D,61
Ghost in the Machine (feat. Phoebe Bridgers),"SZA, Phoebe Bridgers",2022,125.0,84.0,3.0,11.0,5.0,F#,62
Ginseng Strip 2002,Yung Lean,2013,115.0,8.0,0.0,48.0,4.0,C#,60
Glimpse of Us,Joji,2022,170.0,89.0,0.0,14.0,5.0,G#,44
"Gol Bolinha, Gol Quadrado 2","Mc Pedrinho, DJ 900",2023,133.0,42.0,0.0,12.0,25.0,B,93
Golden,Harry Styles,2019,140.0,21.0,0.0,13.0,6.0,E,45
Gone Girl,SZA,2022,150.0,57.0,0.0,15.0,6.0,F,43
Good Days,SZA,2020,121.0,23.0,0.0,72.0,6.0,C#,46
Good Looking,Suki Waterhouse,2017,150.0,8.0,0.0,13.0,3.0,E,37
Gospel (with Eminem),"Eminem, Dr. Dre",2022,117.0,11.0,0.0,24.0,24.0,C#,92
Grapejuice,Harry Styles,2022,183.0,36.0,14.0,20.0,3.0,F,65
HAPPY,NF,2023,106.0,31.0,0.0,12.0,4.0,G,73
HEARTBREAK ANNIVERSARY,Giveon,2020,129.0,56.0,0.0,13.0,5.0,Unknown,61
HUMBLE.,Kendrick Lamar,2017,150.0,0.0,0.0,9.0,12.0,C#,91
Haegeum,Agust D,2023,85.0,31.0,0.0,47.0,30.0,G,70
Happier Than Ever,Billie Eilish,2021,65.0,76.0,0.0,14.0,4.0,Unknown,31
Happier Than Ever - Edit,Billie Eilish,2021,81.0,7.0,0.0,23.0,3.0,Unknown,45
Happy Xmas (War Is Over),"John Lennon, The Harlem Community Choir, The Plastic Ono Band, Yoko Ono",1971,147.0,32.0,0.0,77.0,3.0,D,33
Hati-Hati di Jalan,Tulus,2022,72.0,70.0,9.0,12.0,4.0,F#,64
Have You Ever Seen The Rain?,Creedence Clearwater Revival,1968,116.0,7.0,0.0,13.0,3.0,Unknown,74
Heart To Heart,Mac DeMarco,2019,150.0,67.0,35.0,11.0,10.0,G#,90
Heartless,Kanye West,2008,88.0,5.0,0.0,25.0,14.0,A#,79
Heat Waves,Glass Animals,2020,81.0,44.0,0.0,9.0,9.0,B,76
Heather,Conan Gray,2020,92.0,62.0,0.0,32.0,3.0,F,47
Heaven,Niall Horan,2023,92.0,7.0,0.0,33.0,3.0,F,57
"Here We Go챦쩔쩍챦쩔쩍챦쩔쩍 Again (feat. Tyler, the Cr","The Weeknd, Tyler, The Creator",2022,135.0,36.0,0.0,60.0,3.0,C#,41
Here With Me,d4vd,2022,132.0,50.0,0.0,12.0,3.0,E,58
Hey Mor,"Ozuna, Feid",2022,98.0,0.0,0.0,10.0,29.0,C#,90
"Hey, Mickey!",Baby Tate,2016,135.0,55.0,0.0,15.0,6.0,D,92
Hits Different,Taylor Swift,2023,106.0,15.0,0.0,30.0,4.0,F,67
Hold Me Closer,"Elton John, Britney Spears",2017,126.0,11.0,0.0,19.0,11.0,Unknown,67
Hold My Hand,Lady Gaga,2022,148.0,5.0,0.0,41.0,3.0,G,51
Holly Jolly Christmas,Michael Bubl챦쩔,2011,151.0,87.0,0.0,9.0,4.0,G,65
Honest (feat. Don Toliver),"Justin Bieber, Don Toliver",2022,150.0,13.0,0.0,11.0,6.0,G#,82
Hope,XXXTENTACION,2018,146.0,66.0,0.0,15.0,6.0,A,59
Hot Shit (feat. Ye & Lil Durk),"Kanye West, Lil Durk, Cardi B",2022,157.0,0.0,0.0,8.0,23.0,A,88
House Of Memories,Panic! At The Disco,2016,110.0,0.0,0.0,5.0,3.0,B,51
How Do I Make You Love Me?,The Weeknd,2022,121.0,2.0,0.0,9.0,8.0,G,80
How Do I Say Goodbye,Dean Lewis,2022,82.0,21.0,0.0,7.0,7.0,G#,40
Hrs and Hrs,Muni Long,2021,140.0,60.0,0.0,11.0,18.0,G#,51
Hummingbird (Metro Boomin & James Blake),"James Blake, Metro Boomin",2023,81.0,46.0,1.0,25.0,13.0,F#,59
Hype Boy,NewJeans,2022,100.0,27.0,0.0,29.0,23.0,E,59
I AM,IVE,2023,122.0,1.0,0.0,8.0,5.0,E,68
I AM WOMAN,Emmy Meli,2021,170.0,12.0,0.0,13.0,16.0,A#,65
I Ain't Worried,OneRepublic,2022,140.0,11.0,0.0,6.0,5.0,Unknown,71
I Can See You (Taylor챦쩔쩍챦쩔쩍챦쩔쩍s Version) (From The ,Taylor Swift,2023,123.0,6.0,0.0,6.0,3.0,F#,69
I Hate U,SZA,2021,107.0,51.0,0.0,11.0,16.0,G,54
I Heard You're Married (feat. Lil Wayne),"The Weeknd, Lil Wayne",2022,110.0,10.0,0.0,31.0,19.0,D,75
I Know - PR1SVX Edit,"Kanii, PR1ISVX",2023,134.0,8.0,47.0,30.0,7.0,B,67
I Like You (A Happier Song) (with Doja Cat),"Post Malone, Doja Cat",2022,101.0,12.0,0.0,12.0,7.0,F,74
I Love You So,The Walters,2014,76.0,65.0,0.0,13.0,4.0,A#,58
I Really Want to Stay at Your House,"Rosa Walton, Hallie Coggins",2020,125.0,0.0,0.0,9.0,4.0,D#,49
I Tried to Tell Y'all,"Ugly Dray, Tesla Jnr",2022,96.0,62.0,0.0,11.0,36.0,B,71
I WANNA BE YOUR SLAVE,M챦쩔쩍챦쩔쩍ne,2021,133.0,0.0,0.0,18.0,4.0,C#,75
I Wanna Be Yours,Arctic Monkeys,2013,135.0,12.0,2.0,11.0,3.0,Unknown,48
I Was Never There,"The Weeknd, Gesaffelstein",2018,114.0,14.0,0.0,17.0,3.0,A#,32
I Wrote The Book,Morgan Wallen,2023,144.0,9.0,0.0,8.0,4.0,D,68
I'm Good (Blue),"Bebe Rexha, David Guetta",2022,128.0,4.0,0.0,35.0,4.0,G,56
I'm Not Here To Make Friends,"Sam Smith, Calvin Harris, Jessie Reyez",2023,115.0,17.0,0.0,41.0,6.0,Unknown,70
I'm Not The Only One,Sam Smith,2014,82.0,56.0,0.0,8.0,4.0,F,68
IDGAF (with blackbear),"Blackbear, BoyWithUke",2022,98.0,41.0,0.0,27.0,8.0,F,78
INDUSTRY BABY (feat. Jack Harlow),"Jack Harlow, Lil Nas X",2021,150.0,2.0,0.0,5.0,6.0,D#,74
If We Ever Broke Up,Mae Stephens,2023,116.0,62.0,0.0,9.0,4.0,G,90
Igualito a Mi Ap챦쩔,"Fuerza Regida, Peso Pluma",2022,145.0,19.0,0.0,6.0,9.0,E,76
In Da Club,50 Cent,2002,90.0,26.0,0.0,7.0,37.0,F#,90
In My Head,Lil Tjay,2022,143.0,16.0,0.0,10.0,12.0,C#,68
In The End,Linkin Park,2000,105.0,1.0,0.0,32.0,6.0,D#,55
In The Stars,Benson Boone,2022,78.0,34.0,0.0,14.0,5.0,A#,36
Infinity,Jaymes Young,2017,122.0,15.0,0.0,30.0,4.0,B,67
Iris,The Goo Goo Dolls,1998,156.0,0.0,0.0,9.0,4.0,B,32
Is There Someone Else?,The Weeknd,2022,135.0,4.0,0.0,16.0,3.0,A,70
It'll Be Okay,Shawn Mendes,2021,78.0,62.0,0.0,9.0,3.0,G,40
It's Beginning To Look A Lot Like Christmas,Michael Bubl챦쩔,2011,93.0,91.0,0.0,29.0,3.0,E,35
It's Beginning to Look a Lot Like Christmas (with Mitchell Ayres & His Orchestra),"Perry Como, The Fontane Sisters, Mitchell Ayres & His Orchestra",1958,113.0,77.0,0.0,15.0,5.0,G,73
It's the Most Wonderful Time of the Year,Andy Williams,1963,202.0,77.0,0.0,12.0,4.0,G,24
JGL,"Luis R Conriquez, La Adictiva",2022,113.0,55.0,0.0,27.0,12.0,G#,70
Jhoome Jo Pathaan,"Arijit Singh, Vishal Dadlani, Sukriti Kakar, Vishal-Shekhar, Shekhar Ravjiani, Kumaar",2022,105.0,10.0,0.0,33.0,7.0,G,82
Jimmy Cooks (feat. 21 Savage),"Drake, 21 Savage",2022,163.0,0.0,0.0,9.0,17.0,Unknown,54
Jingle Bell Rock,Bobby Helms,1957,119.0,84.0,0.0,6.0,3.0,D,74
Jingle Bells - Remastered 1999,Frank Sinatra,1957,175.0,73.0,0.0,10.0,5.0,G#,51
Jordan,Ryan Castro,2021,180.0,6.0,0.0,10.0,37.0,A#,80
Just The Way You Are,Bruno Mars,2010,109.0,1.0,0.0,9.0,5.0,F,63
Just Wanna Rock,Lil Uzi Vert,2022,150.0,7.0,0.0,6.0,3.0,B,49
KICK BACK,Kenshi Yonezu,2022,102.0,0.0,0.0,9.0,11.0,C#,58
KU LO SA - A COLORS SHOW,Oxlade,2022,93.0,31.0,0.0,22.0,7.0,A#,65
Kahani Suno 2.0,Kaifi Khalil,2022,140.0,91.0,0.0,10.0,4.0,B,58
Karma,Taylor Swift,2022,90.0,7.0,0.0,48.0,7.0,G#,64
Karma (feat. Ice Spice),"Taylor Swift, Ice Spice",2023,90.0,6.0,0.0,58.0,6.0,G#,62
Keep Driving,Harry Styles,2022,165.0,32.0,0.0,18.0,23.0,A,72
Kill Bill,SZA,2022,89.0,5.0,17.0,16.0,4.0,G#,64
Kiss Me More (feat. SZA),"SZA, Doja Cat",2021,111.0,30.0,0.0,13.0,3.0,G#,77
Knife Talk (with 21 Savage ft. Project Pat),"Drake, Project Pat, 21 Savage",2021,146.0,13.0,0.0,7.0,30.0,F,85
Komang,Raim Laode,2022,134.0,41.0,0.0,10.0,3.0,G,70
LA CANCI챦쩔쩍,"J Balvin, Bad Bunny",2019,176.0,15.0,0.0,11.0,32.0,G,75
LA FAMA (with The Weeknd),"The Weeknd, ROSAL챦쩔쩍",2021,136.0,95.0,0.0,13.0,5.0,Unknown,77
LA INOCENTE,"Feid, Mora",2022,92.0,31.0,0.0,7.0,6.0,F,76
LADY GAGA,"Gabito Ballesteros, Junior H, Peso Pluma",2023,140.0,22.0,0.0,42.0,4.0,F,65
LAGUNAS,"Jasiel Nu챦쩔쩍챦쩔쩍ez, Peso P",2023,116.0,33.0,1.0,15.0,3.0,B,77
LALA,Myke Towers,2023,92.0,7.0,0.0,10.0,4.0,C#,71
LET GO,Central Cee,2022,146.0,86.0,0.0,21.0,38.0,D,74
LLYLM,ROSAL챦쩔쩍,2023,170.0,13.0,0.0,19.0,27.0,F#,56
LOKERA,"Brray, Rauw Alejandro, Lyanno",2022,102.0,21.0,0.0,10.0,5.0,B,83
LOVE DIVE,IVE,2022,118.0,0.0,0.0,33.0,4.0,C#,70
LUNA,"Junior H, Peso Pluma",2023,128.0,33.0,0.0,15.0,4.0,A,75
La Bachata,Manuel Turizo,2022,125.0,58.0,0.0,22.0,4.0,G,84
La Bebe,Yng Lvcas,2021,170.0,62.0,0.0,12.0,35.0,D,78
La Bebe - Remix,"Peso Pluma, Yng Lvcas",2023,170.0,21.0,0.0,8.0,33.0,D,81
La Corriente,"Tony Dize, Bad Bunny",2022,196.0,23.0,0.0,22.0,20.0,B,66
La Jumpa,"Arcangel, Bad Bunny",2022,123.0,30.0,0.0,32.0,19.0,G#,71
La Llevo Al Cielo (Ft. 챦쩔쩍챦쩔쩍engo F,"Nengo Flow, Anuel Aa, Chris Jedi, Chencho Corleone",2022,170.0,11.0,0.0,17.0,14.0,A,80
La Loto,"Anitta, Tini, Becky G",2022,90.0,10.0,0.0,8.0,11.0,C#,85
La Santa,"Daddy Yankee, Bad Bunny",2020,93.0,3.0,0.0,8.0,5.0,C#,74
La Zona,Bad Bunny,2020,94.0,20.0,0.0,25.0,4.0,C#,76
Labyrinth,Taylor Swift,2022,110.0,80.0,22.0,12.0,4.0,Unknown,48
Lady Mi Amor,Feid,2022,93.0,6.0,0.0,15.0,6.0,D,78
Las Morras,"BLESSD, Peso Pluma",2023,133.0,31.0,0.0,7.0,4.0,A,78
Last Christmas,Wham!,1984,107.0,28.0,0.0,46.0,3.0,B,74
Last Last,Burna Boy,2022,88.0,13.0,0.0,8.0,9.0,D#,80
Last Night,Morgan Wallen,2023,204.0,46.0,0.0,15.0,4.0,F#,52
Late Night Talking,Harry Styles,2022,115.0,30.0,0.0,11.0,5.0,A#,71
Lavender Haze,Taylor Swift,2022,97.0,26.0,0.0,16.0,8.0,A#,73
Layla,"Sch챦쩔쩍챦쩔쩍rze, DJ R",2022,140.0,0.0,0.0,44.0,7.0,F,44
Leave Before You Love Me (with Jonas Brothers),"Marshmello, Jonas Brothers",2021,120.0,0.0,0.0,13.0,4.0,G,72
Leave The Door Open,"Bruno Mars, Anderson .Paak, Silk Sonic",2021,148.0,18.0,0.0,9.0,3.0,F,59
Left and Right (Feat. Jung Kook of BTS),"Charlie Puth, BTS, Jung Kook",2022,101.0,62.0,0.0,9.0,3.0,D,88
Less Than Zero,The Weeknd,2022,143.0,0.0,0.0,8.0,3.0,Unknown,53
Let It Snow! Let It Snow! Let It Snow!,Dean Martin,1959,134.0,91.0,0.0,18.0,4.0,C#,45
Let It Snow! Let It Snow! Let It Snow!,"Frank Sinatra, B. Swanson Quartet",1950,143.0,88.0,0.0,34.0,6.0,D,60
Let Me Down Slowly,Alec Benjamin,2018,150.0,73.0,0.0,14.0,3.0,C#,65
Levitating,Dua Lipa,2020,103.0,5.0,0.0,29.0,8.0,F#,69
Levitating (feat. DaBaby),"Dua Lipa, DaBaby",2020,103.0,1.0,0.0,7.0,6.0,F#,70
Ley Seca,"Anuel Aa, Jhay Cortez",2021,105.0,10.0,0.0,13.0,10.0,G#,76
Le챦쩔쩍,Mar챦쩔쩍챦쩔쩍lia Mendo,2022,130.0,45.0,0.0,30.0,3.0,F#,74
Life Goes On,Oliver Tree,2020,80.0,19.0,0.0,12.0,8.0,Unknown,70
Lift Me Up - From Black Panther: Wakanda Forever - Music From and Inspired By,Rihanna,2022,177.0,90.0,0.0,13.0,3.0,A,25
Light Switch,Charlie Puth,2022,184.0,11.0,0.0,9.0,31.0,F#,69
Like Crazy,Jimin,2023,120.0,0.0,0.0,36.0,4.0,G,63
Like Crazy (English Version),Jimin,2023,120.0,0.0,0.0,39.0,4.0,G,62
Lilith (feat. SUGA of BTS) (Diablo IV Anthem),"Halsey, Suga",2023,84.0,1.0,0.0,19.0,8.0,A,43
Limbo,Freddie Dredd,2022,75.0,3.0,6.0,11.0,46.0,B,80
"Link Up (Metro Boomin & Don Toliver, Wizkid feat. BEAM & Toian) - Spider-Verse Remix (Spider-Man: Across the Spider-Verse )","WizKid, Toian, Metro Boomin, Don Toliver, Beam",2023,101.0,41.0,51.0,26.0,8.0,F,92
Little Freak,Harry Styles,2022,142.0,72.0,0.0,10.0,4.0,D#,56
Lo Siento BB:/ (with Bad Bunny & Julieta Venegas),"Julieta Venegas, Bad Bunny, Tainy",2021,170.0,9.0,0.0,9.0,8.0,E,64
Locked Out Of Heaven,Bruno Mars,2012,144.0,6.0,0.0,28.0,5.0,F,73
Los del Espacio,"Big One, Duki, Lit Killah, Maria Becerra, FMK, Rusherking, Emilia, Tiago pzk",2023,120.0,11.0,0.0,11.0,4.0,Unknown,81
Lose Yourself - Soundtrack Version,Eminem,2002,171.0,1.0,0.0,36.0,26.0,D,70
Lost,Frank Ocean,2012,123.0,3.0,0.0,17.0,22.0,A#,91
Lost in the Fire,"The Weeknd, Gesaffelstein",2019,101.0,9.0,0.0,12.0,4.0,D,66
Love Again,The Kid Laroi,2023,107.0,72.0,0.0,11.0,3.0,B,66
Love Language,SZA,2022,65.0,85.0,0.0,13.0,8.0,A,71
Love Nwantiti - Remix,"Ckay, AX'EL, Dj Yo!",2019,120.0,44.0,9.0,5.0,6.0,G#,58
Love Of My Life,Harry Styles,2022,118.0,67.0,0.0,6.0,5.0,G,56
Love Yourself,Justin Bieber,2015,100.0,84.0,0.0,28.0,44.0,E,61
Lover,Taylor Swift,2012,206.0,50.0,0.0,15.0,10.0,G,43
Lovers Rock,TV Girl,2014,105.0,0.0,1.0,10.0,4.0,F,56
Lovezinho,Treyce,2022,128.0,30.0,0.0,12.0,4.0,E,82
Low,SZA,2022,145.0,43.0,0.0,16.0,6.0,Unknown,70
Lucid Dreams,Juice WRLD,2017,84.0,38.0,0.0,33.0,24.0,B,44
L챦쩔쩍챦쩔쩍챦쩔,Stromae,2022,88.0,35.0,0.0,23.0,11.0,D,56
MAMIII,"Karol G, Becky G",2022,94.0,9.0,0.0,14.0,8.0,E,84
MANIAC,Stray Kids,2022,120.0,15.0,0.0,7.0,41.0,C#,58
MERCHO,"Migrantes, LiL CaKe, Nico Valdi",2022,93.0,43.0,0.0,18.0,11.0,F#,84
METAMORPHOSIS,INTERWORLD,2021,175.0,43.0,90.0,12.0,10.0,G,59
MIDDLE OF THE NIGHT,Elley Duh챦쩔,2020,186.0,2.0,0.0,12.0,5.0,E,41
MIENTRAS ME CURO DEL CORA,Karol G,2023,80.0,86.0,0.0,15.0,39.0,Unknown,52
MOJABI GHOST,"Tainy, Bad Bunny",2023,122.0,14.0,0.0,56.0,4.0,F#,81
MONEY,Lisa,2021,140.0,16.0,0.0,14.0,23.0,C#,83
MONTAGEM - FR PUNK,"Ayparia, unxbected",2012,129.0,70.0,8.0,9.0,7.0,A,63
MONTERO (Call Me By Your Name),Lil Nas X,2020,179.0,30.0,0.0,38.0,15.0,G#,61
MORE,j-hope,2022,97.0,1.0,0.0,11.0,4.0,D,78
Maan Meri Jaan,King,2022,96.0,35.0,0.0,10.0,4.0,F#,70
Made You Look,Meghan Trainor,2022,145.0,35.0,0.0,8.0,7.0,A#,84
Major Distribution,"Drake, 21 Savage",2022,131.0,1.0,0.0,7.0,32.0,G#,91
Makeba,Jain,2015,116.0,39.0,51.0,25.0,7.0,D,82
Mal Feito - Ao Vivo,"Mar챦쩔쩍챦쩔쩍lia Mendon챦쩔쩍챦쩔쩍a, Hugo & G",2022,124.0,55.0,0.0,90.0,7.0,Unknown,73
Malas Decisiones,Kenia OS,2022,110.0,5.0,0.0,31.0,3.0,G#,81
Malvada,Z챦쩔쩍챦쩔쩍 Fe,2022,135.0,16.0,0.0,8.0,5.0,F,89
Malvad챦쩔쩍챦쩔,"Xam챦쩔쩍챦쩔쩍, Gustah, Neo B",2021,133.0,38.0,0.0,14.0,27.0,F#,82
Mami Chula,"Quevedo, Jhayco",2023,120.0,22.0,0.0,9.0,4.0,G,80
Man Made A Bar (feat. Eric Church),"Morgan Wallen, Eric Church",2023,148.0,12.0,0.0,12.0,3.0,E,50
Marisola - Remix,"Duki, NICKI NICOLE, Cris Mj, Standly, Stars Music Chile",2022,95.0,17.0,0.0,7.0,5.0,C#,77
Maroon,Taylor Swift,2022,108.0,6.0,0.0,10.0,6.0,G,64
Mary On A Cross,Ghost,2019,130.0,0.0,0.0,10.0,4.0,B,47
Mas Rica Que Ayer,"Mambo Kingz, DJ Luian, Anuel Aa",2023,94.0,34.0,0.0,9.0,8.0,B,82
Massive,Drake,2022,125.0,12.0,2.0,15.0,6.0,E,51
Master of Puppets (Remastered),Metallica,1986,105.0,0.0,44.0,20.0,4.0,E,54
Mastermind,Taylor Swift,2022,126.0,55.0,0.0,9.0,14.0,E,66
Matilda,Harry Styles,2022,114.0,90.0,0.0,10.0,4.0,D,51
Me Arrepent챦쩔,"Ak4:20, Cris Mj, Pailita",2022,92.0,29.0,0.0,60.0,16.0,Unknown,86
Me Fui de Vacaciones,Bad Bunny,2022,85.0,23.0,0.0,9.0,5.0,A#,71
Me Porto Bonito,"Chencho Corleone, Bad Bunny",2022,92.0,9.0,0.0,9.0,8.0,C#,91
Me and Your Mama,Childish Gambino,2016,118.0,1.0,3.0,7.0,3.0,F,56
Medallo,"Justin Quiles, Lenny Tav챦쩔쩍챦쩔쩍rez, BL",2021,90.0,57.0,0.0,66.0,8.0,E,79
Meet Me At Our Spot,"THE ANXIETY, Willow, Tyler Cole",2020,95.0,2.0,0.0,9.0,3.0,D,77
Mejor Que Yo,"Mambo Kingz, DJ Luian, Anuel Aa",2023,178.0,18.0,0.0,12.0,5.0,C#,62
Memories,Maroon 5,2019,91.0,84.0,0.0,8.0,5.0,B,77
Merry Christmas,"Ed Sheeran, Elton John",2017,114.0,24.0,0.0,10.0,4.0,Unknown,59
Merry Christmas Everyone,Shakin' Stevens,1984,101.0,14.0,0.0,13.0,3.0,C#,72
Mi Bello Angel,Natanael Cano,2023,128.0,1.0,0.0,9.0,5.0,A,81
Midnight Rain,Taylor Swift,2022,140.0,72.0,0.0,12.0,7.0,Unknown,64
Mine (Taylor's Version),Taylor Swift,2023,121.0,0.0,0.0,17.0,4.0,G,65
Miracle (with Ellie Goulding),"Calvin Harris, Ellie Goulding",2023,143.0,4.0,4.0,8.0,4.0,A,64
Mirror,Kendrick Lamar,2022,92.0,23.0,0.0,8.0,7.0,E,66
Miserable Man,David Kushner,2022,110.0,93.0,0.0,29.0,3.0,A#,63
Miss You,"Robin Schulz, Oliver Tree",2022,145.0,1.0,0.0,15.0,5.0,F#,59
Miss You,Southstar,1982,145.0,17.0,0.0,19.0,5.0,A,66
Mistletoe,Justin Bieber,2011,162.0,51.0,0.0,9.0,4.0,F#,67
Mi챦쩔쩍챦쩔쩍n,"Tini, Maria Becerra",2021,92.0,16.0,0.0,29.0,7.0,D,85
Mockingbird,Eminem,2004,84.0,21.0,0.0,13.0,28.0,E,62
Mon Amour - Remix,"Aitana, zzoilo",2020,116.0,12.0,0.0,10.0,10.0,D,75
Money Trees,"Kendrick Lamar, Jay Rock",2012,144.0,7.0,0.0,21.0,10.0,E,74
Monoton챦쩔쩍,"Ozuna, Shakira",2022,132.0,42.0,0.0,21.0,5.0,Unknown,87
Mon챦쩔쩍챦쩔쩍y so,YEAT,2021,138.0,12.0,0.0,10.0,9.0,D,69
Mood (feat. Iann Dior),"24kgoldn, Iann Dior",2020,91.0,22.0,0.0,27.0,4.0,G,70
Moonlight,Kali Uchis,2023,137.0,51.0,0.0,17.0,5.0,G,64
Moscow Mule,Bad Bunny,2022,100.0,29.0,0.0,12.0,3.0,F,80
Moth To A Flame (with The Weeknd),"The Weeknd, Swedish House Mafia",2021,120.0,0.0,0.0,11.0,4.0,Unknown,56
Mother I Sober (feat. Beth Gibbons of Portishead),"Kendrick Lamar, Beth Gibbons",2022,140.0,87.0,0.0,11.0,35.0,G#,49
Mount Everest,Labrinth,2019,89.0,23.0,8.0,8.0,22.0,Unknown,46
Mr. Brightside,The Killers,2003,148.0,0.0,0.0,10.0,8.0,C#,35
Mr. Morale,"Kendrick Lamar, Tanna Leone",2022,174.0,30.0,0.0,34.0,32.0,A,73
Mujeriego,Ryan Castro,2021,80.0,6.0,0.0,8.0,13.0,A,76
Murder In My Mind,Kordhell,2022,120.0,1.0,0.0,13.0,11.0,A#,71
Music For a Sushi Restaurant,Harry Styles,2022,107.0,26.0,6.0,11.0,4.0,B,72
Mu챦쩔쩍챦쩔쩍,"Steve Aoki, Tini, La Joaqui",2023,90.0,3.0,0.0,31.0,8.0,A#,68
My Mind & Me,Selena Gomez,2022,144.0,57.0,0.0,8.0,3.0,A,60
My Only Wish (This Year),Britney Spears,2000,147.0,17.0,0.0,19.0,3.0,Unknown,67
My Universe,"Coldplay, BTS",2021,105.0,1.0,0.0,14.0,4.0,A,58
N95,Kendrick Lamar,2022,140.0,38.0,0.0,12.0,14.0,D#,81
NEW MAGIC WAND,"Tyler, The Creator",2019,140.0,10.0,0.0,67.0,11.0,F,62
Nail Tech,Jack Harlow,2022,150.0,0.0,0.0,12.0,9.0,E,65
Need To Know,Doja Cat,2021,130.0,30.0,0.0,9.0,7.0,C#,66
Never Felt So Alone,Labrinth,2023,98.0,50.0,0.0,38.0,5.0,F,44
Neverita,Bad Bunny,2022,122.0,7.0,0.0,14.0,5.0,A#,88
New Jeans,NewJeans,2023,134.0,51.0,0.0,12.0,5.0,E,81
Niagara Falls (Foot or 2) [with Travis Scott & 21 Savage],"Travis Scott, 21 Savage, Metro Boomin",2022,88.0,19.0,0.0,18.0,29.0,G,49
Night Changes,One Direction,2014,120.0,86.0,0.0,12.0,4.0,G#,67
Ni챦쩔쩍챦쩔쩍a Bo,"Sean Paul, Feid",2023,91.0,10.0,0.0,10.0,15.0,G,82
No Lie,"Sean Paul, Dua Lipa",2016,102.0,5.0,0.0,26.0,13.0,G,74
No Role Modelz,J. Cole,2014,100.0,30.0,0.0,6.0,33.0,A#,70
No Se Va,Grupo Frontera,2022,173.0,12.0,0.0,23.0,3.0,Unknown,59
Nobody Gets Me,SZA,2022,100.0,81.0,0.0,18.0,3.0,G,36
Nonsense,Sabrina Carpenter,2022,139.0,3.0,0.0,26.0,4.0,G#,74
Normal,Feid,2022,170.0,4.0,0.0,27.0,12.0,E,71
Nos Comemos (feat. Ozuna),"Ozuna, Tiago pzk",2022,92.0,10.0,0.0,9.0,5.0,F#,83
Nosso Quadro,"Ana Castela, AgroPlay",2023,160.0,33.0,0.0,31.0,20.0,A,69
Nost챦쩔쩍챦쩔쩍l,"Chris Brown, Rvssian, Rauw Alejandro",2021,98.0,17.0,0.0,24.0,5.0,A,73
Notice Me,SZA,2022,160.0,28.0,0.0,11.0,12.0,F,72
Notion,The Rare Occasions,2016,160.0,7.0,0.0,8.0,8.0,A,31
Novidade na 챦쩔쩍챦쩔,"Mc Livinho, DJ Matt D",2023,130.0,76.0,0.0,35.0,9.0,F,63
Novo Balan챦쩔쩍,"Veigh, Bvga Beatz, Supernova Ent, Prod Malax",2023,124.0,67.0,0.0,13.0,6.0,D#,84
Numb,Linkin Park,2003,110.0,0.0,0.0,64.0,4.0,A,50
Numb,"Marshmello, Khalid",2022,120.0,12.0,1.0,10.0,5.0,Unknown,91
Numb Little Bug,Em Beihold,2022,85.0,30.0,0.0,26.0,9.0,G#,74
Nxde,(G)I-DLE,2022,136.0,4.0,0.0,48.0,18.0,E,73
O.O,NMIXX,2022,200.0,4.0,0.0,6.0,29.0,B,39
OMG,NewJeans,2023,127.0,36.0,0.0,11.0,4.0,A,80
OUT OUT (feat. Charli XCX & Saweetie),"Charli XCX, Jax Jones, Joel Corry, Saweetie",2021,124.0,2.0,0.0,5.0,5.0,G#,79
Obsessed,"Abhijay Sharma, Riar Saab",2022,135.0,62.0,0.0,8.0,9.0,F,80
Oh My God,Adele,2021,88.0,9.0,0.0,3.0,5.0,C#,53
Oi Balde - Ao Vivo,Z챦쩔쩍챦쩔쩍 Neto & Crist,2023,108.0,60.0,0.0,80.0,5.0,D,67
Ojitos Lindos,"Bomba Est챦쩔쩍챦쩔쩍reo, Bad B",2022,80.0,8.0,0.0,53.0,4.0,D#,65
Ojos Marrones,Lasso,2022,120.0,4.0,0.0,14.0,4.0,G#,81
On BS,"Drake, 21 Savage",2022,158.0,2.0,0.0,39.0,59.0,A,84
On Time (with John Legend),"John Legend, Metro Boomin",2022,80.0,76.0,0.0,44.0,6.0,F,33
One Dance,"Drake, WizKid, Kyla",2016,104.0,1.0,0.0,36.0,5.0,C#,77
One Kiss (with Dua Lipa),"Calvin Harris, Dua Lipa",2017,124.0,4.0,0.0,8.0,11.0,A,79
One Right Now (with The Weeknd),"The Weeknd, Post Malone",2021,97.0,4.0,0.0,7.0,5.0,C#,68
One Thing At A Time,Morgan Wallen,2022,142.0,0.0,0.0,26.0,3.0,G,61
Only Love Can Hurt Like This,Paloma Faith,2014,91.0,10.0,0.0,33.0,8.0,G#,57
Open Arms (feat. Travis Scott),"SZA, Travis Scott",2022,78.0,76.0,1.0,15.0,16.0,A,67
Otro Atardecer,"Bad Bunny, The Mar챦쩔쩍챦",2022,108.0,59.0,0.0,7.0,4.0,D,78
Out of Time,The Weeknd,2022,93.0,27.0,0.0,32.0,5.0,Unknown,65
Overdrive,Post Malone,2023,140.0,0.0,0.0,35.0,4.0,C#,56
PERO T챦쩔,"Karol G, Quevedo",2023,140.0,39.0,0.0,11.0,29.0,F#,86
PLAYA DEL INGL챦쩔쩍,"Myke Towers, Quevedo",2022,113.0,8.0,0.0,11.0,5.0,G,79
POLARIS - Remix,"Feid, Mora, Saiko, Quevedo",2023,170.0,15.0,0.0,37.0,7.0,G#,62
POP!,Nayeon,2022,97.0,4.0,0.0,3.0,5.0,D,80
PRC,"Natanael Cano, Peso Pluma",2023,138.0,10.0,0.0,12.0,5.0,G,78
PROVENZA,Karol G,2022,111.0,66.0,1.0,11.0,5.0,C#,87
PUFFIN ON ZOOTIEZ,Future,2022,125.0,6.0,0.0,13.0,31.0,G#,88
PUNTO 40,"Baby Rasta, Rauw Alejandro",2022,107.0,0.0,4.0,31.0,9.0,Unknown,87
Pantysito,"Feid, Alejo, Robi",2022,98.0,14.0,0.0,16.0,6.0,G,83
Party,"Bad Bunny, Rauw Alejandro",2022,97.0,2.0,0.0,24.0,9.0,A,83
Pasoori,"Shae Gill, Ali Sethi",2022,92.0,7.0,0.0,6.0,4.0,B,71
Pass The Dutchie,Musical Youth,1982,151.0,20.0,0.0,32.0,5.0,G,73
"Paulo Londra: Bzrp Music Sessions, Vol. 23","Bizarrap, Paulo Londra",2022,96.0,25.0,0.0,10.0,9.0,Unknown,61
Payphone,"Maroon 5, Wiz Khalifa",2012,110.0,2.0,0.0,29.0,4.0,E,74
Peaches (feat. Daniel Caesar & Giveon),"Justin Bieber, Daniel Caesar, Giveon",2021,90.0,38.0,0.0,42.0,18.0,Unknown,63
Peaches (from The Super Mario Bros. Movie),Jack Black,2023,92.0,79.0,0.0,10.0,5.0,A#,71
People,Libianca,2022,198.0,55.0,0.0,10.0,7.0,A#,59
People Pt.2 (feat. IU),"IU, Agust D",2023,89.0,39.0,0.0,32.0,6.0,G,73
Pepas,Farruko,2021,130.0,1.0,0.0,13.0,3.0,G,76
Perfect,Ed Sheeran,2017,95.0,16.0,0.0,11.0,2.0,G#,60
Permission to Dance,BTS,2021,125.0,1.0,0.0,34.0,4.0,A,70
Peru,"Ed Sheeran, Fireboy DML",2021,108.0,57.0,0.0,8.0,9.0,G,96
"Peso Pluma: Bzrp Music Sessions, Vol. 55","Bizarrap, Peso Pluma",2023,133.0,26.0,0.0,12.0,5.0,F,85
Phantom Regret by Jim,The Weeknd,2022,108.0,75.0,30.0,14.0,4.0,A,46
Photograph,Ed Sheeran,2014,108.0,61.0,0.0,10.0,5.0,E,61
Pink + White,Frank Ocean,2016,160.0,67.0,0.0,42.0,11.0,A,54
Pink Venom,BLACKPINK,2022,90.0,2.0,0.0,27.0,10.0,Unknown,80
Pipoco,"Melody, Ana Castela, Dj Chris No Beat",2022,135.0,47.0,0.0,34.0,8.0,G#,77
Pi챦쩔쩍챦쩔쩍man De챦쩔,"Semicenk, Do챦쩔쩍챦쩔쩍u ",2023,98.0,28.0,0.0,13.0,13.0,A#,73
Plan A,Paulo Londra,2022,174.0,5.0,0.0,7.0,4.0,Unknown,58
Players,Coi Leray,2022,105.0,3.0,0.0,5.0,16.0,F#,95
Poland,Lil Yachty,2022,150.0,14.0,83.0,11.0,5.0,F,70
Polaroid Love,ENHYPEN,2022,138.0,46.0,0.0,36.0,4.0,G,74
Pope Is a Rockstar,SALES,2016,90.0,85.0,24.0,11.0,3.0,E,73
Popular (with Playboi Carti & Madonna) - The Idol Vol. 1 (Music from the HBO Original Series),"The Weeknd, Madonna, Playboi Carti",2023,99.0,7.0,0.0,36.0,20.0,C#,85
Por las Noches,Peso Pluma,2021,92.0,31.0,0.0,7.0,3.0,Unknown,81
Potion (with Dua Lipa & Young Thug),"Calvin Harris, Dua Lipa, Young Thug",2022,100.0,16.0,0.0,8.0,5.0,B,82
Praise God,Kanye West,2021,118.0,1.0,0.0,26.0,17.0,C#,80
Primera Cita,Carin Leon,2022,158.0,61.0,0.0,10.0,6.0,A#,54
Princess Diana (with Nicki Minaj),"Nicki Minaj, Ice Spice",2023,148.0,14.0,0.0,10.0,19.0,A,90
Private Landing (feat. Justin Bieber & Future),"Don Toliver, Future, Justin Bieber",2023,137.0,8.0,0.0,11.0,6.0,C#,84
Privileged Rappers,"Drake, 21 Savage",2022,144.0,0.0,0.0,12.0,20.0,F,93
Problem챦쩔쩍,"Alvaro Diaz, Rauw Alejandro",2021,92.0,28.0,0.0,14.0,6.0,D,73
Prohibidox,Feid,2022,180.0,5.0,0.0,6.0,25.0,C#,65
Punto G,Quevedo,2022,92.0,25.0,0.0,10.0,15.0,B,75
Purple Hearts,"Kendrick Lamar, Ghostface Killah, Summer Walker",2022,138.0,19.0,0.0,15.0,29.0,D#,57
Pussy & Millions (feat. Travis Scott),"Drake, Travis Scott, 21 Savage",2022,122.0,6.0,0.0,35.0,12.0,E,75
QUEMA,"Sog, Ryan Castro, Peso Pluma",2023,97.0,5.0,0.0,6.0,5.0,Unknown,79
Que Vuelvas,"Carin Leon, Grupo Frontera",2022,162.0,19.0,0.0,11.0,4.0,A#,49
Queencard,(G)I-DLE,2023,130.0,3.0,0.0,27.0,5.0,E,82
Question...?,Taylor Swift,2022,109.0,20.0,0.0,30.0,17.0,G,75
"Quevedo: Bzrp Music Sessions, Vol. 52","Bizarrap, Quevedo",2022,128.0,1.0,3.0,23.0,4.0,D,62
Qu챦쩔쩍챦쩔쩍 Ago,"Yuridia, Angela Aguilar",2022,98.0,56.0,0.0,5.0,2.0,B,73
Qu챦쩔쩍챦쩔쩍 M챦쩔쩍챦쩔,"J Balvin, Maria Becerra",2021,102.0,3.0,0.0,17.0,11.0,G#,89
RAPSTAR,Polo G,2021,81.0,41.0,0.0,13.0,24.0,F#,79
REMIX EXCLUSIVO,Feid,2023,87.0,4.0,0.0,15.0,20.0,F,65
RUMBAT챦쩔쩍,Daddy Yankee,2022,95.0,6.0,0.0,35.0,4.0,D#,69
Radio,Lana Del Rey,2011,150.0,21.0,0.0,9.0,9.0,D,42
Raindrops (Insane) [with Travis Scott],"Travis Scott, Metro Boomin",2022,112.0,9.0,0.0,38.0,5.0,G#,80
Rara Vez,"Taiu, Milo j",2023,120.0,18.0,0.0,34.0,17.0,F,84
"Rauw Alejandro: Bzrp Music Sessions, Vol. 56","Rauw Alejandro, Bizarrap",2023,128.0,10.0,0.0,26.0,5.0,B,78
Red Ruby Da Sleeze,Nicki Minaj,2023,98.0,12.0,0.0,11.0,26.0,C#,70
Reminder,The Weeknd,2016,160.0,16.0,0.0,16.0,22.0,G#,71
"Residente: Bzrp Music Sessions, Vol. 49","Residente, Bizarrap",2022,71.0,56.0,0.0,11.0,40.0,C#,59
Revenge,XXXTENTACION,2017,140.0,78.0,0.0,11.0,26.0,B,75
Rich - Interlude,Kendrick Lamar,2022,104.0,88.0,0.0,9.0,9.0,G,44
Rich Flex,"Drake, 21 Savage",2022,153.0,5.0,0.0,36.0,24.0,B,56
Rich Spirit,Kendrick Lamar,2022,96.0,39.0,0.0,12.0,21.0,A#,85
Right On,Lil Baby,2022,166.0,2.0,0.0,10.0,34.0,D,70
Riptide,Vance Joy,1975,102.0,43.0,0.0,15.0,4.0,C#,48
Rockin' Around The Christmas Tree,Brenda Lee,1958,140.0,71.0,0.0,45.0,5.0,G#,70
Rolling in the Deep,Adele,2010,105.0,13.0,0.0,5.0,3.0,G#,73
Romantic Homicide,d4vd,2022,132.0,45.0,1.0,32.0,3.0,F#,56
Rosa Pastel,"Jasiel Nu챦쩔쩍챦쩔쩍ez, Peso P",2023,123.0,24.0,0.0,11.0,4.0,G,70
Rumble,"Skrillex, Flowdan, Fred again..",2022,140.0,5.0,23.0,6.0,6.0,C#,81
Run BTS,BTS,2022,77.0,2.0,0.0,4.0,17.0,G#,72
Run Rudolph Run - Single Version,Chuck Berry,1958,152.0,79.0,0.0,7.0,8.0,G,69
Running Up That Hill (A Deal With God),Kate Bush,1985,108.0,72.0,0.0,6.0,6.0,A#,63
Rush,Troye Sivan,2023,126.0,0.0,0.0,11.0,6.0,F,74
S-Class,Stray Kids,2023,105.0,9.0,0.0,7.0,33.0,F,89
S91,Karol G,2023,128.0,59.0,0.0,9.0,19.0,Unknown,86
SABOR FRESA,Fuerza Regida,2023,130.0,9.0,0.0,9.0,9.0,G,79
SLOW DANCING IN THE DARK,Joji,2018,89.0,54.0,1.0,19.0,3.0,D#,52
SNAP,Rosa Linn,2022,170.0,11.0,0.0,45.0,6.5,Unknown,56
SORRY NOT SORRY,"Tyler, The Creator",2023,96.0,40.0,0.0,37.0,20.0,F#,48
SOS,SZA,2022,119.0,67.0,0.0,9.0,23.0,G,51
SPACE MAN,Sam Ryder,2022,80.0,18.0,0.0,10.0,5.0,B,47
SPIT IN MY FACE!,ThxSoMch,2022,130.0,7.0,11.0,11.0,6.5,C#,73
STAR WALKIN' (League of Legends Worlds Anthem),Lil Nas X,2022,142.0,15.0,0.0,9.0,5.0,D,64
STAY (with Justin Bieber),"Justin Bieber, The Kid Laroi",2021,170.0,4.0,0.0,10.0,5.0,C#,59
STAYING ALIVE (feat. Drake & Lil Baby),"Drake, DJ Khaled, Lil Baby",2022,130.0,7.0,0.0,28.0,8.0,E,72
SUPERMODEL,M챦쩔쩍챦쩔쩍ne,2022,121.0,0.0,0.0,12.0,6.0,G,64
Sacrifice,The Weeknd,2022,122.0,3.0,0.0,7.0,10.0,G,70
Sad Girlz Luv Money Remix (feat. Kali Uchis),"Kali Uchis, Amaarae, Moliy",2021,110.0,43.0,0.0,11.0,6.0,C#,86
Salimo de Noche,"Trueno, Tiago pzk",2021,84.0,29.0,0.0,12.0,5.0,D,67
San Lucas,Kevin Kaarl,2019,92.0,86.0,0.0,9.0,3.0,G,58
Santa Tell Me,Ariana Grande,2013,133.0,5.0,0.0,30.0,18.0,G,46
Satellite,Harry Styles,2022,139.0,14.0,0.0,9.0,3.0,Unknown,58
Save Your Tears,The Weeknd,2020,118.0,2.0,0.0,50.0,3.0,Unknown,68
Save Your Tears (with Ariana Grande) (Remix),"Ariana Grande, The Weeknd",2020,118.0,3.0,0.0,10.0,3.0,Unknown,65
Savior,"Kendrick Lamar, Sam Dew, Baby Keem",2022,123.0,53.0,0.0,32.0,46.0,G#,61
Savior - Interlude,Kendrick Lamar,2022,118.0,84.0,0.0,19.0,19.0,F,66
Say Yes To Heaven,Lana Del Rey,2023,100.0,71.0,9.0,11.0,3.0,F#,49
Say You Won't Let Go,James Arthur,2016,99.0,69.0,0.0,9.0,5.0,A#,40
Se Le Ve,"Arcangel, De La Ghetto, Justin Quiles, Lenny Tav챦쩔쩍챦쩔쩍rez, Sech, Dalex, Dimelo Flow, Rich Music",2021,84.0,10.0,0.0,14.0,11.0,G,56
Search & Rescue,Drake,2023,142.0,6.0,0.0,33.0,7.0,A#,82
See You Again,"Tyler, The Creator, Kali Uchis",2017,79.0,37.0,0.0,11.0,10.0,F#,56
Seek & Destroy,SZA,2022,152.0,44.0,18.0,21.0,7.0,C#,65
Self Love (Spider-Man: Across the Spider-Verse) (Metro Boomin & Coi Leray),"Metro Boomin, Coi Leray",2023,120.0,21.0,0.0,13.0,5.0,A,78
Selfish,PnB Rock,2016,102.0,11.0,0.0,19.0,4.0,C#,64
Sem Alian챦쩔쩍챦쩔쩍a no ,"MC Xenon, Os Gemeos da Putaria",2022,83.0,73.0,0.0,11.0,33.0,C#,53
Set Fire to the Rain,Adele,2011,108.0,0.0,0.0,13.0,3.0,D,61
Set Me Free Pt.2,Jimin,2023,132.0,12.0,0.0,12.0,6.0,Unknown,59
Seu Brilho Sumiu - Ao Vivo,"Israel & Rodolffo, Mari Fernandez",2023,154.0,31.0,0.0,91.0,5.0,F#,63
Seven (feat. Latto) (Explicit Ver.),"Latto, Jung Kook",2023,125.0,31.0,0.0,8.0,4.0,B,80
"Sex, Drugs, Etc.",Beach Weather,2016,144.0,1.0,1.0,52.0,4.0,E,57
Se챦쩔쩍챦쩔쩍o,"Shawn Mendes, Camila Cabello",2019,117.0,4.0,0.0,8.0,3.0,A,76
Shake It Off,Taylor Swift,2014,160.0,5.0,0.0,41.0,16.0,G,65
"Shakira: Bzrp Music Sessions, Vol. 53","Shakira, Bizarrap",2023,122.0,27.0,0.0,9.0,5.0,D,78
Shallow,"Lady Gaga, Bradley Cooper",2018,96.0,38.0,0.0,26.0,3.0,G,57
Shape of You,Ed Sheeran,2017,96.0,58.0,0.0,9.0,8.0,C#,83
Shirt,SZA,2022,120.0,15.0,3.0,9.0,10.0,D#,82
Shivers,Ed Sheeran,2021,141.0,28.0,0.0,4.0,9.0,D,79
Shoong! (feat. LISA of BLACKPINK),"TAEYANG, Lisa",2023,110.0,1.0,0.0,41.0,6.0,B,76
Shorty Party,"Cartel De Santa, La Kelly",2023,96.0,33.0,0.0,10.0,36.0,D,93
Shut Down,BLACKPINK,2022,110.0,0.0,0.0,18.0,4.0,Unknown,82
Shut up My Moms Calling,Hotel Ugly,2020,139.0,32.0,0.0,10.0,10.0,A,48
Shut up My Moms Calling - (Sped Up),Hotel Ugly,2022,85.0,31.0,0.0,12.0,10.0,F,65
Si Quieren Frontear,"De La Ghetto, Duki, Quevedo",2022,82.0,13.0,0.0,21.0,23.0,A#,79
Si Te La Encuentras Por Ah챦쩔,Feid,2022,172.0,15.0,0.0,13.0,8.0,G#,74
Sial,Mahalini,2023,120.0,89.0,0.0,12.0,4.0,D,56
Siempre Pendientes,"Peso Pluma, Luis R Conriquez",2022,136.0,33.0,1.0,13.0,4.0,Unknown,77
Sigue,"Ed Sheeran, J Balvin",1996,88.0,5.0,0.0,19.0,7.0,G,89
Silent Hill,"Kendrick Lamar, Kodak Black",2022,140.0,46.0,0.0,14.0,9.0,C#,92
Sin Se챦쩔쩍챦,"Ovy On The Drums, Quevedo",2022,118.0,33.0,1.0,11.0,4.0,B,82
Sky,Playboi Carti,2020,140.0,26.0,0.0,13.0,21.0,D,79
Sleigh Ride,The Ronettes,1963,92.0,40.0,0.0,32.0,3.0,D,53
SloMo,Chanel,2021,105.0,13.0,0.0,9.0,6.0,C#,73
Slut Me Out,NLE Choppa,2022,121.0,12.0,0.0,53.0,42.0,F#,94
Smells Like Teen Spirit - Remastered 2021,Nirvana,1991,117.0,0.0,0.0,11.0,7.0,C#,52
Smokin Out The Window,"Bruno Mars, Anderson .Paak, Silk Sonic",2021,82.0,6.0,0.0,35.0,4.0,D,63
Smoking on my Ex Pack,SZA,2022,81.0,24.0,0.0,22.0,38.0,G#,47
Snooze,SZA,2022,143.0,14.0,0.0,11.0,13.0,F,56
Snow On The Beach (feat. Lana Del Rey),"Taylor Swift, Lana Del Rey",2022,110.0,69.0,0.0,12.0,4.0,A,66
Snow On The Beach (feat. More Lana Del Rey),"Lana Del Rey, Taylor Swift",2023,110.0,81.0,0.0,11.0,3.0,F#,66
Snowman,Sia,2017,105.0,48.0,0.0,9.0,3.0,C#,72
So Good,Halsey,2022,83.0,4.0,0.0,18.0,4.0,D#,63
Sobrio,Maluma,2021,178.0,14.0,0.0,15.0,22.0,F,76
Softcore,The Neighbourhood,2018,94.0,5.0,0.0,15.0,3.0,D,57
Somebody That I Used To Know,"Gotye, Kimbra",2011,129.0,54.0,0.0,10.0,4.0,Unknown,86
Someone You Loved,Lewis Capaldi,2018,110.0,75.0,0.0,11.0,3.0,C#,50
Something In The Way - Remastered 2021,Nirvana,1991,106.0,74.0,42.0,11.0,3.0,G#,44
Something Just Like This,"The Chainsmokers, Coldplay",2017,103.0,3.0,0.0,17.0,4.0,B,61
Something in the Orange,Zach Bryan,2022,110.0,42.0,0.0,12.0,3.0,G,59
Somewhere Only We Know,Keane,2004,172.0,6.0,0.0,8.0,3.0,A,45
Soy El Unico,Yahritza Y Su Esencia,2022,84.0,45.0,0.0,11.0,3.0,E,71
Space Song,Beach House,2015,147.0,22.0,13.0,14.0,3.0,Unknown,51
Sparks,Coldplay,2000,103.0,75.0,5.0,10.0,3.0,C#,37
Special,SZA,2022,76.0,78.0,0.0,11.0,5.0,Unknown,60
Spin Bout U,"Drake, 21 Savage",2022,130.0,1.0,0.0,16.0,5.0,G,77
Sprinter,"Dave, Central Cee",2023,141.0,19.0,0.0,8.0,24.0,C#,92
Stan,"Eminem, Dido",1999,80.0,4.0,0.0,45.0,21.0,F#,78
Stand By Me (feat. Morgan Wallen),"Lil Durk, Morgan Wallen",2023,134.0,6.0,0.0,16.0,3.0,B,76
Starboy,"The Weeknd, Daft Punk",2016,186.0,16.0,0.0,13.0,28.0,G,68
Stargirl Interlude,"The Weeknd, Lana Del Rey",2016,90.0,38.0,5.0,10.0,11.0,F,59
Starlight,Dave,2022,124.0,35.0,0.0,10.0,28.0,G,95
Starry Eyes,The Weeknd,2022,86.0,50.0,0.0,19.0,3.0,A,28
Static,Steve Lacy,2022,79.0,43.0,63.0,10.0,7.0,C#,34
Stay Alive (Prod. SUGA of BTS),Jung Kook,2022,130.0,30.0,0.0,10.0,7.0,D,51
"Stay With Me (with Justin Timberlake, Halsey, & Pharrell)","Calvin Harris, Halsey, Pharrell Williams, Justin Timberlake",2022,126.0,28.0,0.0,29.0,4.0,A,81
Stefania (Kalush Orchestra),KALUSH,2022,105.0,14.0,0.0,12.0,4.0,D,83
Sticky,Drake,2022,137.0,9.0,0.0,9.0,14.0,A#,88
Still D.R.E.,"Dr. Dre, Snoop Dogg",1999,93.0,18.0,0.0,6.0,24.0,B,81
Still Don't Know My Name,Labrinth,2019,88.0,47.0,27.0,21.0,12.0,F,31
Still Life,BIGBANG,2022,118.0,44.0,0.0,6.0,3.0,G#,68
Still With You,Jung Kook,2020,88.0,9.0,0.0,83.0,4.0,C#,53
Streets,Doja Cat,2019,90.0,21.0,4.0,34.0,8.0,B,75
Style,Taylor Swift,2014,95.0,0.0,0.0,12.0,4.0,D,60
Sugar Rush Ride,TOMORROW X TOGETHER,2023,125.0,1.0,0.0,17.0,9.0,A#,71
Summertime Sadness,Lana Del Rey,2011,112.0,7.0,0.0,12.0,3.0,C#,56
Sunflower - Spider-Man: Into the Spider-Verse,"Post Malone, Swae Lee",2018,90.0,54.0,0.0,7.0,5.0,D,76
Sunroof,"Nicky Youre, Dazy",2021,131.0,35.0,0.0,15.0,4.0,A#,77
Super,SEVENTEEN,2023,137.0,16.0,0.0,17.0,9.0,G#,77
Super Freaky Girl,Nicki Minaj,2022,133.0,6.0,0.0,31.0,24.0,D,95
Super Gremlin,Kodak Black,2021,73.0,0.0,0.0,36.0,14.0,D,83
Super Shy,NewJeans,2023,150.0,18.0,0.0,15.0,7.0,F,78
Superhero (Heroes & Villains) [with Future & Chris Brown],"Future, Chris Brown, Metro Boomin",2022,117.0,14.0,0.0,20.0,21.0,F,72
Superman,"Eminem, Dina Rae",2002,130.0,2.0,0.0,20.0,6.0,E,80
Sure Thing,Miguel,2010,81.0,3.0,0.0,19.0,10.0,B,68
Surface Pressure,Jessica Darrow,2021,180.0,2.0,0.0,4.0,31.0,D,65
Sweater Weather,The Neighbourhood,2012,124.0,5.0,2.0,10.0,3.0,A#,61
Sweet Child O' Mine,Guns N' Roses,1987,125.0,9.0,11.0,10.0,5.0,F#,45
Sweet Nothing,Taylor Swift,2022,177.0,97.0,0.0,12.0,5.0,Unknown,34
Sweetest Pie,"Dua Lipa, Megan Thee Stallion",2022,124.0,17.0,0.0,10.0,22.0,G,81
Swim,Chase Atlantic,2017,120.0,27.0,0.0,8.0,4.0,G#,67
S챦쩔쩍챦쩔쩍,"Anuel Aa, Myke Towers, Jhay Cortez",2021,90.0,17.0,0.0,11.0,8.0,F#,63
THATS WHAT I WANT,Lil Nas X,2021,88.0,1.0,0.0,5.0,22.0,C#,74
THE LONELIEST,M챦쩔쩍챦쩔쩍ne,2022,130.0,0.0,0.0,8.0,3.0,D,52
THE SHADE,Rex Orange County,2022,120.0,39.0,0.0,9.0,6.0,F,90
TO THE MOON,Jnr Choi,2021,144.0,5.0,1.0,11.0,35.0,D,74
TQG,"Karol G, Shakira",2023,180.0,67.0,0.0,9.0,28.0,E,72
TQM,Fuerza Regida,2023,125.0,27.0,0.0,11.0,6.0,F,79
TRUSTFALL,P!nk,2023,122.0,0.0,0.0,15.0,9.0,G#,64
TULUM,"Peso Pluma, Grupo Frontera",2023,168.0,39.0,0.0,11.0,5.0,F#,56
TUS L챦쩔쩍챦쩔쩍GR,"Sech, Mora",2022,174.0,18.0,0.0,11.0,25.0,C#,68
TV,Billie Eilish,2022,141.0,84.0,1.0,14.0,4.0,E,41
Tacones Rojos,Sebastian Yatra,2021,123.0,8.0,0.0,14.0,3.0,B,75
Tak Ingin Usai,Keisya Levronka,2022,130.0,82.0,0.0,11.0,3.0,Unknown,49
Tak Segampang Itu,Anggi Marito,2022,130.0,76.0,0.0,11.0,3.0,F,51
Take Me To Church,Hozier,2013,129.0,63.0,0.0,12.0,5.0,E,57
Take My Breath,The Weeknd,2021,121.0,1.5,0.0,18.5,4.5,A#,75
Take On Me,a-ha,1984,84.0,2.0,0.0,9.0,5.0,F#,57
Take Two,BTS,2023,93.0,3.0,0.0,38.0,3.0,G,62
Talk,YEAT,2022,140.0,8.0,0.0,54.0,23.0,E,70
Talk that Talk,TWICE,2022,120.0,14.0,0.0,33.0,12.0,D#,77
Talking To The Moon,Bruno Mars,2010,146.0,51.0,0.0,11.0,3.0,C#,52
Tarot,"Bad Bunny, Jhay Cortez",2022,114.0,2.0,0.0,66.0,4.0,B,80
Tattoo,Loreen,2023,150.0,24.0,0.0,12.0,8.0,D#,55
Te Felicito,"Shakira, Rauw Alejandro",2022,174.0,23.0,0.0,8.0,32.0,F,70
That That (prod. & feat. SUGA of BTS),"PSY, Suga",2022,130.0,3.0,0.0,3.0,9.0,E,91
That's Hilarious,Charlie Puth,2022,108.0,74.0,0.0,11.0,6.0,F#,71
The Astronaut,Jin,2022,125.0,0.0,0.0,14.0,3.0,F,54
The Business,Ti챦쩔쩍챦쩔,2020,120.0,41.0,2.0,11.0,23.0,G#,80
The Christmas Song (Merry Christmas To You) - Remastered 1999,Nat King Cole,1946,139.0,84.0,0.0,11.0,4.0,C#,36
The Color Violet,Tory Lanez,2021,105.0,16.0,0.0,9.0,5.0,F#,65
The Family Madrigal,"Olga Merediz, Stephanie Beatriz, Encanto - Cast",2021,141.0,12.0,0.0,6.0,36.0,C#,59
The Feels,TWICE,2021,120.0,9.0,0.0,8.0,7.0,A,81
The Great War,Taylor Swift,2022,96.0,22.0,0.0,8.0,4.0,F,57
The Heart Part 5,Kendrick Lamar,2022,98.0,18.0,0.0,6.0,34.0,G#,76
The Hills,The Weeknd,2015,136.0,9.0,0.0,14.0,8.0,Unknown,36
The Joker And The Queen (feat. Taylor Swift),"Ed Sheeran, Taylor Swift",2022,134.0,92.0,0.0,28.0,3.0,Unknown,53
The Motto,"Ti챦쩔쩍챦쩔쩍sto, Ava",2021,118.0,3.0,0.0,9.0,4.0,G,75
The Next Episode,"Dr. Dre, Snoop Dogg",1999,95.0,3.0,0.0,8.0,25.0,D#,92
The Night We Met,Lord Huron,2015,174.0,97.0,25.0,64.0,4.0,D,45
The Nights,Avicii,2014,126.0,2.0,0.0,24.0,4.0,F#,53
The Real Slim Shady,Eminem,2000,104.0,3.0,0.0,4.0,6.0,F,95
The Rumbling (TV Size),SiM,2022,145.0,0.0,0.0,26.0,5.0,G#,41
The Scientist,Coldplay,2002,146.0,73.0,0.0,11.0,2.0,F,56
There's Nothing Holdin' Me Back,Shawn Mendes,2016,122.0,36.0,0.0,9.0,6.0,D,86
Thinking Out Loud,Ed Sheeran,2014,79.0,47.0,0.0,18.0,3.0,D,78
Thinking with My Dick,"Kevin Gates, Juicy J",2013,81.0,6.0,0.0,17.0,20.0,Unknown,77
Thinkin챦쩔쩍챦쩔쩍챦쩔쩍 B,Morgan Wallen,2023,140.0,49.0,0.0,12.0,3.0,D#,66
This Love (Taylor챦쩔쩍챦쩔쩍챦쩔쩍s Ve,Taylor Swift,2022,144.0,32.0,0.0,7.0,4.0,E,47
Those Eyes,New West,2019,120.0,73.0,0.0,31.0,3.0,E,60
Thought You Should Know,Morgan Wallen,2022,140.0,49.0,0.0,14.0,3.0,F#,53
Thousand Miles,The Kid Laroi,2022,81.0,9.0,0.0,9.0,8.0,G,38
Thunder,"Prezioso, Gabry Ponte, LUM!X",2021,101.0,3.0,0.0,34.0,6.0,C#,67
"Tiago PZK: Bzrp Music Sessions, Vol. 48","Bizarrap, Tiago pzk",2021,96.0,47.0,0.0,10.0,32.0,C#,66
Titi Me Pregunt챦쩔,Bad Bunny,2022,107.0,10.0,0.0,13.0,25.0,F,65
Todo De Ti,Rauw Alejandro,2020,128.0,40.0,1.0,10.0,4.0,D#,81
Tom's Diner,"AnnenMayKantereit, Giant Rooks",2019,98.0,38.0,0.0,36.0,14.0,F#,68
Too Late,SZA,2022,128.0,78.0,0.0,39.0,8.0,B,45
Too Many Nights (feat. Don Toliver & with Future),"Future, Metro Boomin, Don Toliver",2022,88.0,15.0,0.0,11.0,5.0,G,68
Tormenta (feat. Bad Bunny),"Gorillaz, Bad Bunny",2023,95.0,46.0,0.0,38.0,6.0,Unknown,64
Toxic,BoyWithUke,2021,180.0,84.0,0.0,46.0,36.0,G#,59
Trance (with Travis Scott & Young Thug),"Travis Scott, Young Thug, Metro Boomin",2022,119.0,18.0,0.0,18.0,34.0,C#,75
True Love,"Kanye West, XXXTENTACION",2022,84.0,2.0,0.0,51.0,25.0,F,71
Tubar챦쩔쩍챦쩔쩍o Te,"Dj LK da Esc챦쩔쩍챦쩔쩍cia, Tchakabum, mc jhenny, M",2022,130.0,30.0,0.0,7.0,36.0,E,89
Typa Girl,BLACKPINK,2022,132.0,7.0,0.0,63.0,10.0,G,92
T챦쩔쩍챦쩔,"dennis, MC Kevin o Chris",2023,130.0,50.0,1.0,9.0,5.0,B,86
ULTRA SOLO,"Polima WestCoast, Pailita",2022,110.0,23.0,0.0,11.0,21.0,C#,80
ULTRA SOLO REMIX,"De La Ghetto, Feid, Polima WestCoast, Paloma Mami, Pailita",2022,110.0,8.0,0.0,6.0,8.0,C#,91
UNFORGIVEN (feat. Nile Rodgers),"Nile Rodgers, LE SSERAFIM",2023,104.0,11.0,0.0,11.0,5.0,E,80
Un Coco,Bad Bunny,2022,152.0,21.0,0.0,18.0,6.0,B,84
Un Finde | CROSSOVER #2,"Big One, FMK, Ke personajes",2023,192.0,11.0,0.0,28.0,6.0,B,50
Un Ratito,Bad Bunny,2022,93.0,31.0,0.0,12.0,5.0,Unknown,79
Un Verano Sin Ti,Bad Bunny,2022,188.0,69.0,0.0,12.0,6.0,F,50
Una Noche en Medell챦쩔쩍,Cris Mj,2022,96.0,10.0,0.0,5.0,8.0,A#,87
Under The Influence,Chris Brown,2019,117.0,6.0,0.0,11.0,4.0,A,73
Underneath the Tree,Kelly Clarkson,2013,160.0,0.0,0.0,21.0,5.0,G#,51
Unholy (feat. Kim Petras),"Sam Smith, Kim Petras",2022,131.0,1.0,0.0,27.0,9.0,D,71
United In Grief,Kendrick Lamar,2022,87.0,24.0,0.0,17.0,43.0,G#,52
Unstoppable,Sia,2016,174.0,11.0,0.0,10.0,8.0,A,47
Until I Found You,Stephen Sanchez,2021,202.0,69.0,0.0,18.0,4.0,A#,34
Until I Found You (with Em Beihold) - Em Beihold Version,"Em Beihold, Stephen Sanchez",2022,101.0,78.0,0.0,20.0,3.0,A#,34
Used (feat. Don Toliver),"SZA, Don Toliver",2022,150.0,53.0,0.0,32.0,9.0,A#,73
VAGABUNDO,"Sebastian Yatra, Manuel Turizo, Be챦쩔쩍챦",2023,127.0,4.0,0.0,23.0,6.0,B,82
VIBE (feat. Jimin of BTS),"TAEYANG, Jimin",2023,100.0,7.0,0.0,26.0,4.0,Unknown,79
VOID,Melanie Martinez,2023,100.0,18.0,4.0,19.0,4.0,A,72
Vai L챦쩔쩍챦쩔쩍 Em Casa ,"Mar챦쩔쩍챦쩔쩍lia Mendon챦쩔쩍챦쩔쩍a, George Henrique &",2021,158.0,53.0,0.0,97.0,28.0,G#,46
Vampiro,"Matu챦쩔쩍챦쩔쩍, Wiu, ",2022,115.0,1.0,0.0,7.0,4.0,G#,78
Vegas (From the Original Motion Picture Soundtrack ELVIS),Doja Cat,2022,160.0,8.0,0.0,14.0,26.0,G#,80
Vigilante Shit,Taylor Swift,2022,80.0,17.0,0.0,12.0,39.0,E,80
"Villano Antillano: Bzrp Music Sessions, Vol. 51","Bizarrap, Villano Antillano",2022,128.0,6.0,0.0,63.0,6.0,C#,82
Vista Al Mar,Quevedo,2022,105.0,80.0,12.0,10.0,13.0,Unknown,76
Viva La Vida,Coldplay,2008,138.0,9.0,0.0,11.0,3.0,F,49
Volando - Remix,"Sech, Bad Bunny, Mora",2021,154.0,21.0,0.0,11.0,7.0,F#,66
Volv챦쩔,"Aventura, Bad Bunny",2021,176.0,42.0,0.0,7.0,18.0,C#,73
WAIT FOR U (feat. Drake & Tems),"Drake, Future, Tems",2022,83.0,31.0,0.0,7.0,34.0,C#,46
WANDA,Quevedo,2023,176.0,25.0,0.0,21.0,7.0,E,72
WHERE SHE GOES,Bad Bunny,2023,144.0,14.0,63.0,11.0,6.0,A,65
WORTH NOTHING,"Twisted, Oliver Tree",2022,140.0,18.0,0.0,20.0,8.0,D,58
Wait a Minute!,Willow,2015,101.0,3.0,0.0,10.0,3.0,D#,76
Wake Me Up - Radio Edit,Avicii,2013,124.0,0.0,0.0,16.0,5.0,D,53
Watch This - ARIZONATEARS Pluggnb Remix,"sped up nightcore, ARIZONATEARS, Lil Uzi Vert",2023,130.0,1.0,10.0,15.0,4.0,B,69
Watermelon Sugar,Harry Styles,2019,95.0,12.0,0.0,34.0,5.0,Unknown,55
Way 2 Sexy (with Future & Young Thug),"Drake, Future, Young Thug",2021,136.0,0.0,0.0,32.0,14.0,B,80
We Cry Together,"Kendrick Lamar, Taylour Paige",2022,108.0,31.0,0.0,8.0,36.0,B,65
We Don't Talk About Bruno,"Adassa, Mauro Castillo, Stephanie Beatriz, Encanto - Cast, Rhenzy Feliz, Diane Guerrero, Carolina Gaitan",2021,206.0,36.0,0.0,11.0,8.0,Unknown,58
We Found Love,"Rihanna, Calvin Harris",2011,128.0,3.0,0.0,11.0,4.0,C#,73
What Else Can I Do?,"Stephanie Beatriz, Diane Guerrero",2021,120.0,26.0,0.0,10.0,4.0,E,72
What It Is (Solo Version),Doechii,2023,172.0,6.0,0.0,10.0,9.0,C#,74
When I R.I.P.,Labrinth,2019,80.0,73.0,0.0,9.0,21.0,G#,39
When I Was Your Man,Bruno Mars,2012,145.0,94.0,0.0,14.0,4.0,Unknown,60
When I챦쩔쩍챦쩔쩍챦쩔쩍m Gone (with Katy ,"Katy Perry, Alesso",2021,125.0,4.0,0.0,49.0,3.0,Unknown,69
When You're Gone,Shawn Mendes,2022,147.0,2.0,0.0,58.0,4.0,F,60
Where Are You Now,"Lost Frequencies, Calum Scott",2021,121.0,52.0,0.0,17.0,10.0,F#,67
Where Did You Go?,"MNEK, Jax Jones",2022,127.0,19.0,0.0,29.0,4.0,A#,77
White Christmas,"Bing Crosby, John Scott Trotter & His Orchestra, Ken Darby Singers",1942,96.0,91.0,0.0,40.0,3.0,A,23
Why'd You Only Call Me When You're High?,Arctic Monkeys,2013,92.0,4.0,0.0,8.0,4.0,D,70
Wild Flower (with youjeen),RM,2022,155.0,3.0,0.0,12.0,9.0,G#,49
With you,"HA SUNG WOON, Jimin",2022,150.0,64.0,0.0,13.0,3.0,D#,53
Without Me,Eminem,2002,112.0,0.0,0.0,36.0,9.0,G,92
Woman,Doja Cat,2021,108.0,9.0,0.0,12.0,9.0,F,82
Wonderful Christmastime - Edited Version / Remastered 2011,Paul McCartney,1979,95.0,36.0,0.0,9.0,3.0,B,75
Worldwide Steppers,Kendrick Lamar,2022,72.0,76.0,0.0,8.0,36.0,A#,56
Worst Day,Future,2022,89.0,11.0,0.0,10.0,40.0,C#,65
"Would've, Could've, Should've",Taylor Swift,2022,158.0,43.0,0.0,15.0,12.0,G,48
X SI VOLVEMOS,"Karol G, Romeo Santos",2023,178.0,34.0,0.0,11.0,25.0,C#,79
X 챦쩔쩍챦쩔쩍LTIMA,"Daddy Yankee, Bad Bunny",2022,90.0,9.0,0.0,11.0,5.0,G,81
XQ Te Pones As챦쩔,"Yandel, Feid",2022,92.0,13.0,0.0,15.0,7.0,A#,81
Ya No Somos Ni Seremos,Christian Nodal,2022,140.0,44.0,0.0,34.0,3.0,G,59
Yandel 150,"Yandel, Feid",2022,168.0,5.0,0.0,10.0,7.0,F#,78
Yellow,Chris Molitor,1999,173.0,0.0,0.0,23.0,3.0,B,43
Yet To Come,BTS,2022,172.0,4.0,0.0,33.0,19.0,C#,56
Yo No Soy Celoso,Bad Bunny,2022,142.0,28.0,0.0,17.0,5.0,Unknown,87
Yo Voy (feat. Daddy Yankee),Zion & Lennox,2004,95.0,4.0,0.0,5.0,24.0,A#,81
Yonaguni,Bad Bunny,2021,180.0,28.0,0.0,14.0,12.0,C#,64
You Belong With Me (Taylor챦쩔쩍챦쩔쩍챦쩔쩍s Ve,Taylor Swift,2021,130.0,5.0,0.0,9.0,3.0,F#,63
You Make It Feel Like Christmas (feat. Blake Shelton),"Gwen Stefani, Blake Shelton",2005,93.0,1.0,0.0,12.0,4.0,F,63
You Proof,Morgan Wallen,2022,120.0,25.0,0.0,61.0,3.0,A,73
You Right,"Doja Cat, The Weeknd",2021,129.0,2.0,0.0,8.0,6.0,G#,83
"You're On Your Own, Kid",Taylor Swift,2022,120.0,41.0,0.0,13.0,6.0,D,69
ZOOM,Jessi,2022,100.0,1.0,0.0,13.0,16.0,F#,87
Zona De Perigo,Leo Santana,2022,135.0,75.0,0.0,35.0,3.0,F,81
august,Taylor Swift,2020,90.0,53.0,0.0,9.0,3.0,F,51
cardigan,Taylor Swift,2020,130.0,55.0,0.0,27.0,4.0,Unknown,61
ceilings,Lizzy McAlpine,2022,148.0,48.0,0.0,22.0,3.0,A,51
c챦쩔쩍챦쩔쩍mo dormi,Rels B,2022,126.0,24.0,0.0,12.0,23.0,C#,63
deja vu,Olivia Rodrigo,2021,181.0,61.0,0.0,42.0,9.0,A,44
die first,Nessa Barrett,2022,183.0,7.0,0.0,12.0,13.0,G#,44
drivers license,Olivia Rodrigo,2021,144.0,76.0,0.0,10.0,7.0,A#,59
family ties (with Kendrick Lamar),"Kendrick Lamar, Baby Keem",2021,134.0,1.0,0.0,23.0,33.0,C#,71
favorite crime,Olivia Rodrigo,2021,173.0,86.0,0.0,34.0,4.0,A,40
fukumean,Gunna,2023,130.0,12.0,0.0,28.0,9.0,C#,85
golden hour,JVKE,2022,94.0,65.0,18.0,25.0,3.0,C#,51
good 4 u,Olivia Rodrigo,2021,166.0,28.0,0.0,11.0,18.0,F#,56
happier,Olivia Rodrigo,2021,169.0,81.0,0.0,8.0,13.0,F#,39
"jealousy, jealousy",Olivia Rodrigo,2021,164.0,24.0,0.0,7.0,13.0,A#,70
love nwantiti (ah ah ah),Ckay,2019,93.0,61.0,0.0,13.0,4.0,F,74
lovely - Bonus Track,"Billie Eilish, Khalid",2017,115.0,93.0,0.0,10.0,3.0,E,35
on the street (with J. Cole),"j-hope, J. Cole",2023,94.0,53.0,0.0,9.0,13.0,B,68
positions,Ariana Grande,2020,144.0,44.0,0.0,9.0,12.0,Unknown,73
psychofreak (feat. WILLOW),"Camila Cabello, Willow",2022,180.0,34.0,0.0,9.0,8.0,G,63
pushin P (feat. Young Thug),"Young Thug, Future, Gunna",2022,78.0,1.0,1.0,13.0,19.0,C#,77
sentaDONA (Remix) s2,"Lu챦쩔쩍챦쩔쩍sa Sonza, MC Frog, Dj Gabriel do Borel, Davi K",2022,135.0,25.0,0.0,13.0,27.0,D#,93
she's all i wanna be,Tate McRae,2022,160.0,1.0,0.0,12.0,4.0,D,61
this is what falling in love feels like,JVKE,2021,129.0,62.0,0.0,8.0,6.0,B,42
thought i was playing,"21 Savage, Gunna",2022,148.0,0.0,0.0,7.0,7.0,C#,68
traitor,"Juan Cruz Toledo, Huilen Toledo",2021,176.0,68.0,0.0,12.0,5.0,D#,29
un x100to,"Bad Bunny, Grupo Frontera",2023,83.0,23.0,0.0,27.0,5.0,F#,57
vampire,Olivia Rodrigo,2023,138.0,17.0,0.0,31.0,6.0,F,51
we fell in love in october,girl in red,2018,130.0,11.0,18.0,16.0,3.0,G,57
you broke me first,Tate McRae,2020,124.0,79.0,0.0,9.0,5.0,E,64
첵첵첵98 Braves,Morgan Wallen,2023,142.0,10.0,0.0,26.0,3.0,D,49
첵첵첵abcdefu,Gayle,2021,122.0,30.0,0.0,37.0,5.0,E,70
첵첵첵첵첵첵첵첵첵첵첵첵,YOASOBI,2023,166.0,11.0,0.0,37.0,9.0,C#,57
첵첵첵첵첵첵첵첵첵첵첵첵첵첵첵첵첵첵첵첵첵,Fujii Kaze,2020,158.0,17.0,0.0,19.0,5.0,F#,60
